PROVIDER;DESCRIPTION;ACCOUNTID;REGION;ASSESSMENTDATE;REQUIREMENTS_ID;REQUIREMENTS_NAME;REQUIREMENTS_DESCRIPTION;REQUIREMENTS_ATTRIBUTES_DOMAIN;REQUIREMENTS_ATTRIBUTES_SUBDOMAIN;REQUIREMENTS_ATTRIBUTES_SECTION;REQUIREMENTS_ATTRIBUTES_AUDITCHECKLIST;REQUIREMENTS_ATTRIBUTES_RELATEDREGULATIONS;REQUIREMENTS_ATTRIBUTES_AUDITEVIDENCE;REQUIREMENTS_ATTRIBUTES_NONCOMPLIANCECASES;STATUS;STATUSEXTENDED;RESOURCEID;RESOURCENAME;CHECKID;MUTED;FRAMEWORK;NAME
aws;ISMS-P 인증은 한국인터넷진흥원(KISA)이 제정한 정보보호 및 개인정보보호 관리체계를 기반으로, 독립적인 심사기관이 기업이나 조직의 보안 및 개인정보 보호 활동이 인증 기준을 충족하는지 평가한 후 인증을 부여하는 제도입니다. 이를 통해 기업과 기관은 제공하는 서비스에 대한 대중의 신뢰를 높이고, 점점 복잡해지는 사이버 위협에 효과적으로 대응할 수 있습니다. 또한, ISMS-P는 정보보호와 개인정보 보호를 체계적으로 수립하고 운영할 수 있는 포괄적인 지침을 제공합니다.;195304366889;eu-central-1;2026-07-10 20:19:58.778743;2.10.2;클라우드 보안;클라우드 서비스 이용 시 서비스 유형(SaaS, PaaS, IaaS 등)에 따른 비인가 접근, 설정 오류 등에 따라 중요정보와 개인정보가 유·노출되지 않도록 관리자 접근 및 보안 설정 등에 대한 보호대책을 수립·이행하여야 한다.;2. 보호대책 요구사항;2.10 시스템 및 서비스 보안관리;2.10.2 클라우드 보안;['클라우드 서비스 제공자와 정보보호 및 개인정보보호에 대한 책임과 역할을 명확히 정의하고 이를 계약서(SLA 등)에 반영하고 있는가?', '클라우드 서비스 이용 시 서비스 유형에 따른 보안위험을 평가하여 비인가 접근, 설정오류 등을 방지할 수 있도록 보안 구성 및 설정 기준, 보안설정 변경 및 승인 절차, 안전한 접속방법, 권한 체계 등 보안 통제 정책을 수립·이행하고 있는가?', '클라우드 서비스 관리자 권한은 역할에 따라 최소화하여 부여하고 관리자 권한에 대한 비인가 접근, 권한 오·남용 등을 방지할 수 있도록 강화된 인증, 암호화, 접근통제, 감사기록 등 보호대책을 적용하고 있는가?', '클라우드 서비스의 보안 설정 변경, 운영 현황 등을 모니터링하고 그 적절성을 정기적으로 검토하고 있는가?'];[];['클라우드 서비스 관련 계약서 및 SLA', '클라우드 서비스 위험분석 결과', '클라우드 서비스 보안통제 정책', '클라우드 서비스 관리자 권한 부여 현황', '클라우드 서비스 구성도', '클라우드 서비스 보안설정 현황', '클라우드 서비스 보안설정 적정성 검토 이력'];['사례 1 : 클라우드 서비스 계약서 내에 보안에 대한 책임 및 역할 등에 대한 사항이 포함되어 있지 않은 경우', '사례 2 : 클라우드 서비스의 보안설정을 변경할 수 있는 권한이 업무상 반드시 필요하지 않은 직원들에게 과도하게 부여되어 있는 경우', '사례 3 : 내부 지침에는 클라우드 내 사설 네트워크의 접근통제 룰(Rule) 변경 시 보안책임자 승인을 받도록 하고 있으나, 승인절차를 거치지 않고 등록·변경된 접근제어 룰이 다수 발견된 경우', '사례 4 : 클라우드 서비스의 보안설정 오류로 내부 로그 파일이 인터넷을 통하여 공개되어 있는 경우'];MANUAL;Login to the AWS Console. Choose your account name on the top right of the window -> My Account -> Contact Information.;arn:aws:iam::195304366889:root;195304366889;account_maintain_current_contact_details;False;KISA-ISMS-P;KISA ISMS compliance framework 2023 (Korean)
aws;ISMS-P 인증은 한국인터넷진흥원(KISA)이 제정한 정보보호 및 개인정보보호 관리체계를 기반으로, 독립적인 심사기관이 기업이나 조직의 보안 및 개인정보 보호 활동이 인증 기준을 충족하는지 평가한 후 인증을 부여하는 제도입니다. 이를 통해 기업과 기관은 제공하는 서비스에 대한 대중의 신뢰를 높이고, 점점 복잡해지는 사이버 위협에 효과적으로 대응할 수 있습니다. 또한, ISMS-P는 정보보호와 개인정보 보호를 체계적으로 수립하고 운영할 수 있는 포괄적인 지침을 제공합니다.;195304366889;eu-central-1;2026-07-10 20:19:58.778743;2.10.2;클라우드 보안;클라우드 서비스 이용 시 서비스 유형(SaaS, PaaS, IaaS 등)에 따른 비인가 접근, 설정 오류 등에 따라 중요정보와 개인정보가 유·노출되지 않도록 관리자 접근 및 보안 설정 등에 대한 보호대책을 수립·이행하여야 한다.;2. 보호대책 요구사항;2.10 시스템 및 서비스 보안관리;2.10.2 클라우드 보안;['클라우드 서비스 제공자와 정보보호 및 개인정보보호에 대한 책임과 역할을 명확히 정의하고 이를 계약서(SLA 등)에 반영하고 있는가?', '클라우드 서비스 이용 시 서비스 유형에 따른 보안위험을 평가하여 비인가 접근, 설정오류 등을 방지할 수 있도록 보안 구성 및 설정 기준, 보안설정 변경 및 승인 절차, 안전한 접속방법, 권한 체계 등 보안 통제 정책을 수립·이행하고 있는가?', '클라우드 서비스 관리자 권한은 역할에 따라 최소화하여 부여하고 관리자 권한에 대한 비인가 접근, 권한 오·남용 등을 방지할 수 있도록 강화된 인증, 암호화, 접근통제, 감사기록 등 보호대책을 적용하고 있는가?', '클라우드 서비스의 보안 설정 변경, 운영 현황 등을 모니터링하고 그 적절성을 정기적으로 검토하고 있는가?'];[];['클라우드 서비스 관련 계약서 및 SLA', '클라우드 서비스 위험분석 결과', '클라우드 서비스 보안통제 정책', '클라우드 서비스 관리자 권한 부여 현황', '클라우드 서비스 구성도', '클라우드 서비스 보안설정 현황', '클라우드 서비스 보안설정 적정성 검토 이력'];['사례 1 : 클라우드 서비스 계약서 내에 보안에 대한 책임 및 역할 등에 대한 사항이 포함되어 있지 않은 경우', '사례 2 : 클라우드 서비스의 보안설정을 변경할 수 있는 권한이 업무상 반드시 필요하지 않은 직원들에게 과도하게 부여되어 있는 경우', '사례 3 : 내부 지침에는 클라우드 내 사설 네트워크의 접근통제 룰(Rule) 변경 시 보안책임자 승인을 받도록 하고 있으나, 승인절차를 거치지 않고 등록·변경된 접근제어 룰이 다수 발견된 경우', '사례 4 : 클라우드 서비스의 보안설정 오류로 내부 로그 파일이 인터넷을 통하여 공개되어 있는 경우'];MANUAL;Login to the AWS Console. Choose your account name on the top right of the window -> My Account -> Alternate Contacts -> Security Section.;arn:aws:iam::195304366889:root;195304366889;account_security_contact_information_is_registered;False;KISA-ISMS-P;KISA ISMS compliance framework 2023 (Korean)
aws;ISMS-P 인증은 한국인터넷진흥원(KISA)이 제정한 정보보호 및 개인정보보호 관리체계를 기반으로, 독립적인 심사기관이 기업이나 조직의 보안 및 개인정보 보호 활동이 인증 기준을 충족하는지 평가한 후 인증을 부여하는 제도입니다. 이를 통해 기업과 기관은 제공하는 서비스에 대한 대중의 신뢰를 높이고, 점점 복잡해지는 사이버 위협에 효과적으로 대응할 수 있습니다. 또한, ISMS-P는 정보보호와 개인정보 보호를 체계적으로 수립하고 운영할 수 있는 포괄적인 지침을 제공합니다.;195304366889;eu-central-1;2026-07-10 20:19:58.778743;2.5.1;사용자 계정 관리;정보시스템과 개인정보 및 중요정보에 대한 비인가 접근을 통제하고 업무 목적에 따른 접근권한을 최소한으로 부여할 수 있도록 사용자 등록·해지 및 접근권한 부여·변경·말소 절차를 수립·이행하고, 사용자 등록 및 권한부여 시 사용자에게 보안책임이 있음을 규정화하고 인식시켜야 한다.;2. 보호대책 요구사항;2.5 인증 및 권한관리;2.5.1 사용자 계정 관리;['정보시스템과 개인정보 및 중요정보에 접근할 수 있는 사용자 계정 및 접근권한의 등록·변경·삭제에 관한 공식적인 절차를 수립·이행하고 있는가?', '정보시스템과 개인정보 및 중요정보에 접근할 수 있는 사용자 계정 및 접근권한 생성·등록·변경 시 직무별 접근권한 분류 체계에 따라 업무상 필요한 최소한의 권한만을 부여하고 있는가?', '사용자에게 계정 및 접근권한을 부여하는 경우 해당 계정에 대한 보안책임이 본인에게 있음을 명확히 인식시키고 있는가?'];['개인정보 보호법 제29조(안전조치의무)', '개인정보의 안전성 확보조치 기준 제5조(접근 권한의 관리)'];['사용자 계정 및 권한 신청서', '사용자 계정 및 권한 관리대장 또는 화면', '정보시스템 및 개인정보처리시스템별 접근권한 분류표', '정보시스템 및 개인정보처리시스템별 사용자, 관리자, 개인정보취급자 목록'];['사례 1 : 사용자 및 개인정보취급자에 대한 계정·권한에 대한 사용자 등록, 해지 및 승인절차 없이 구두 요청, 이메일 등으로 처리하여 이에 대한 승인 및 처리 이력이 확인되지 않는 경우', '사례 2 : 개인정보취급자가 휴가, 출장, 공가 등에 따른 업무 백업을 사유로 공식적인 절차를 거치지 않고 개인정보취급자로 지정되지 않은 인원에게 개인정보취급자 계정을 알려주는 경우', '사례 3 : 정보시스템 또는 개인정보처리시스템 사용자에게 필요 이상의 과도한 권한을 부여하여 업무상 불필요한 정보 또는 개인정보에 접근이 가능한 경우'];MANUAL;Login to the AWS Console as root. Choose your account name on the top right of the window -> My Account -> Configure Security Challenge Questions.;arn:aws:iam::195304366889:root;195304366889;account_security_questions_are_registered_in_the_aws_account;False;KISA-ISMS-P;KISA ISMS compliance framework 2023 (Korean)
aws;ISMS-P 인증은 한국인터넷진흥원(KISA)이 제정한 정보보호 및 개인정보보호 관리체계를 기반으로, 독립적인 심사기관이 기업이나 조직의 보안 및 개인정보 보호 활동이 인증 기준을 충족하는지 평가한 후 인증을 부여하는 제도입니다. 이를 통해 기업과 기관은 제공하는 서비스에 대한 대중의 신뢰를 높이고, 점점 복잡해지는 사이버 위협에 효과적으로 대응할 수 있습니다. 또한, ISMS-P는 정보보호와 개인정보 보호를 체계적으로 수립하고 운영할 수 있는 포괄적인 지침을 제공합니다.;195304366889;eu-central-1;2026-07-10 20:19:58.778743;2.5.3;사용자 인증;정보시스템과 개인정보 및 중요정보에 대한 사용자의 접근은 안전한 인증절차와 필요에 따라 강화된 인증방식을 적용하여야 한다. 또한 로그인 횟수 제한, 불법 로그인 시도 경고 등 비인가자 접근 통제방안을 수립·이행하여야 한다.;2. 보호대책 요구사항;2.5 인증 및 권한관리;2.5.3 사용자 인증;['정보시스템 및 개인정보처리시스템에 대한 접근은 사용자 인증, 로그인 횟수 제한, 불법 로그인 시도 경고 등 안전한 사용자 인증 절차에 따라 통제하고 있는가?', '정보통신망을 통하여 외부에서 개인정보처리시스템에 접속하려는 경우에는 법적 요구사항에 따라 안전한 인증수단 또는 안전한 접속수단을 적용하고 있는가?'];['개인정보 보호법 제29조(안전조치의무)', '개인정보의 안전성 확보조치 기준 제5조(접근 권한의 관리), 제6조(접근통제)'];['정보시스템 및 개인정보처리시스템 로그인 화면', '로그인 횟수 제한 설정 화면', '로그인 실패 메시지 화면', '외부 접속 시 절차(외부접속 신청서, 외부접속자 현황 등)'];['사례 1 : 개인정보취급자가 공개된 외부 인터넷망을 통하여 이용자의 개인정보를 처리하는 개인정보처리 시스템에 접근 시 안전한 인증수단을 적용하지 않고 ID·비밀번호 방식으로만 인증하고 있는 경우', '사례 2 : 정보시스템 및 개인정보처리시스템 로그인 실패 시 해당 ID가 존재하지 않거나 비밀번호가 틀림을 자세히 표시해 주고 있으며, 로그인 실패횟수에 대한 제한이 없는 경우'];MANUAL;Login to the AWS Console as root. Choose your account name on the top right of the window -> My Account -> Configure Security Challenge Questions.;arn:aws:iam::195304366889:root;195304366889;account_security_questions_are_registered_in_the_aws_account;False;KISA-ISMS-P;KISA ISMS compliance framework 2023 (Korean)
aws;ISMS-P 인증은 한국인터넷진흥원(KISA)이 제정한 정보보호 및 개인정보보호 관리체계를 기반으로, 독립적인 심사기관이 기업이나 조직의 보안 및 개인정보 보호 활동이 인증 기준을 충족하는지 평가한 후 인증을 부여하는 제도입니다. 이를 통해 기업과 기관은 제공하는 서비스에 대한 대중의 신뢰를 높이고, 점점 복잡해지는 사이버 위협에 효과적으로 대응할 수 있습니다. 또한, ISMS-P는 정보보호와 개인정보 보호를 체계적으로 수립하고 운영할 수 있는 포괄적인 지침을 제공합니다.;195304366889;eu-central-1;2026-07-10 20:19:58.778743;2.10.2;클라우드 보안;클라우드 서비스 이용 시 서비스 유형(SaaS, PaaS, IaaS 등)에 따른 비인가 접근, 설정 오류 등에 따라 중요정보와 개인정보가 유·노출되지 않도록 관리자 접근 및 보안 설정 등에 대한 보호대책을 수립·이행하여야 한다.;2. 보호대책 요구사항;2.10 시스템 및 서비스 보안관리;2.10.2 클라우드 보안;['클라우드 서비스 제공자와 정보보호 및 개인정보보호에 대한 책임과 역할을 명확히 정의하고 이를 계약서(SLA 등)에 반영하고 있는가?', '클라우드 서비스 이용 시 서비스 유형에 따른 보안위험을 평가하여 비인가 접근, 설정오류 등을 방지할 수 있도록 보안 구성 및 설정 기준, 보안설정 변경 및 승인 절차, 안전한 접속방법, 권한 체계 등 보안 통제 정책을 수립·이행하고 있는가?', '클라우드 서비스 관리자 권한은 역할에 따라 최소화하여 부여하고 관리자 권한에 대한 비인가 접근, 권한 오·남용 등을 방지할 수 있도록 강화된 인증, 암호화, 접근통제, 감사기록 등 보호대책을 적용하고 있는가?', '클라우드 서비스의 보안 설정 변경, 운영 현황 등을 모니터링하고 그 적절성을 정기적으로 검토하고 있는가?'];[];['클라우드 서비스 관련 계약서 및 SLA', '클라우드 서비스 위험분석 결과', '클라우드 서비스 보안통제 정책', '클라우드 서비스 관리자 권한 부여 현황', '클라우드 서비스 구성도', '클라우드 서비스 보안설정 현황', '클라우드 서비스 보안설정 적정성 검토 이력'];['사례 1 : 클라우드 서비스 계약서 내에 보안에 대한 책임 및 역할 등에 대한 사항이 포함되어 있지 않은 경우', '사례 2 : 클라우드 서비스의 보안설정을 변경할 수 있는 권한이 업무상 반드시 필요하지 않은 직원들에게 과도하게 부여되어 있는 경우', '사례 3 : 내부 지침에는 클라우드 내 사설 네트워크의 접근통제 룰(Rule) 변경 시 보안책임자 승인을 받도록 하고 있으나, 승인절차를 거치지 않고 등록·변경된 접근제어 룰이 다수 발견된 경우', '사례 4 : 클라우드 서비스의 보안설정 오류로 내부 로그 파일이 인터넷을 통하여 공개되어 있는 경우'];MANUAL;Login to the AWS Console as root. Choose your account name on the top right of the window -> My Account -> Configure Security Challenge Questions.;arn:aws:iam::195304366889:root;195304366889;account_security_questions_are_registered_in_the_aws_account;False;KISA-ISMS-P;KISA ISMS compliance framework 2023 (Korean)
aws;ISMS-P 인증은 한국인터넷진흥원(KISA)이 제정한 정보보호 및 개인정보보호 관리체계를 기반으로, 독립적인 심사기관이 기업이나 조직의 보안 및 개인정보 보호 활동이 인증 기준을 충족하는지 평가한 후 인증을 부여하는 제도입니다. 이를 통해 기업과 기관은 제공하는 서비스에 대한 대중의 신뢰를 높이고, 점점 복잡해지는 사이버 위협에 효과적으로 대응할 수 있습니다. 또한, ISMS-P는 정보보호와 개인정보 보호를 체계적으로 수립하고 운영할 수 있는 포괄적인 지침을 제공합니다.;;;2026-07-10 20:19:58.778743;1.1.1;경영진의 참여;최고경영자는 정보보호 및 개인정보보호 관리체계의 수립과 운영활동 전반에 경영진의 참여가 이루어질 수 있도록 보고 및 의사결정 체계를 수립하여 운영하여야 한다.;1. 관리체계 수립 및 운영;1.1 관리체계 기반 마련;1.1.1 경영진의 참여;['정보보호 및 개인정보보호 관리체계의 수립 및 운영활동 전반에 경영진의 참여가 이루어질 수 있도록 보고 및 의사결정 등의 책임과 역할을 문서화하고 있는가?', '경영진이 정보보호 및 개인정보보호 활동에 관한 의사결정에 적극적으로 참여할 수 있는 보고, 검토 및 승인 절차를 수립·이행하고 있는가?'];[];['정보보호 및 개인정보보호 보고 체계(의사소통계획 등)', '정보보호 및 개인정보보호 위원회 회의록', '정보보호 및 개인정보보호 정책·지침(경영진 승인내역 포함)', '정보보호계획 및 내부 관리계획(경영진 승인내역 포함)', '정보보호 및 개인정보보호 조직도'];['사례 1 : 정보보호 및 개인정보보호 정책서에 분기별로 정보보호 및 개인정보보호 현황을 경영진에게 보고하도록 명시하였으나, 장기간 관련 보고를 수행하지 않은 경우', '사례 2 : 중요 정보보호 활동(위험평가, 위험수용수준 결정, 정보보호대책 및 이행계획 검토, 정보보호대책 이행결과 검토, 보안감사 등)을 수행하면서 관련 활동관련 보고, 승인 등 의사결정에 경영진 또는 경영진의 권한을 위임받은 자가 참여하지 않았거나 관련 증거자료가 확인되지 않은 경우'];MANUAL;Manual check;manual_check;Manual check;manual;False;KISA-ISMS-P;KISA ISMS compliance framework 2023 (Korean)
aws;ISMS-P 인증은 한국인터넷진흥원(KISA)이 제정한 정보보호 및 개인정보보호 관리체계를 기반으로, 독립적인 심사기관이 기업이나 조직의 보안 및 개인정보 보호 활동이 인증 기준을 충족하는지 평가한 후 인증을 부여하는 제도입니다. 이를 통해 기업과 기관은 제공하는 서비스에 대한 대중의 신뢰를 높이고, 점점 복잡해지는 사이버 위협에 효과적으로 대응할 수 있습니다. 또한, ISMS-P는 정보보호와 개인정보 보호를 체계적으로 수립하고 운영할 수 있는 포괄적인 지침을 제공합니다.;;;2026-07-10 20:19:58.778743;1.1.2;최고책임자의 지정;최고경영자는 정보보호 업무를 총괄하는 정보보호 최고책임자와 개인정보보호 업무를 총괄하는 개인정보보호 책임자를 예산·인력 등 자원을 할당할 수 있는 임원급으로 지정하여야 한다.;1. 관리체계 수립 및 운영;1.1 관리체계 기반 마련;1.1.2 최고책임자의 지정;['최고경영자는 정보보호 및 개인정보보호 처리에 관한 업무를 총괄하여 책임질 최고책임자를 공식적으로 지정하고 있는가?', '정보보호 최고책임자 및 개인정보 보호책임자는 예산, 인력 등 자원을 할당할 수 있는 임원급으로 지정하고 있으며, 관련 법령에 따른 자격요건을 충족하고 있는가?'];['개인정보 보호법 제29조(안전조치의무), 제31조(개인정보 보호책임자의 지정)', '정보통신망법 제45조의3(정보보호 최고책임자의 지정 등)', '개인정보의 안전성 확보조치 기준 제4조(내부 관리계획의 수립·시행 및 점검)'];['정보보호 최고책임자 및 개인정보 보호책임자 임명관련 자료(인사명령, 인사카드 등)', '정보보호 및 개인정보보호 조직도', '정보보호 및 개인정보보호 정책·지침', '직무기술서(정보보호 최고책임자 및 개인정보 보호책임자의 역할 및 책임에 관한 사항)', '정보보호 최고책임자 신고 내역', '내부 관리계획(개인정보 보호책임자 지정에 관한 사항)'];['사례 1 : 정보통신망법에 따른 정보보호 최고책임자 지정 및 신고 의무 대상자임에도 불구하고 정보보호 최고책임자를 지정 및 신고하지 않은 경우', '사례 2 : 개인정보 보호와 관련된 실질적인 권한 및 지위를 보유하고 있지 않은 인원을 개인정보 보호 책임자로 지정하고 있어, 개인정보 처리에 관한 업무를 총괄해서 책임질 수 있다고 보기 어려운 경우', '사례 3 : 조직도상에 정보보호 최고책임자 및 개인정보 보호책임자를 명시하고 있으나, 인사발령 등의 공식적인 지정절차를 거치지 않은 경우', '사례 4 : ISMS 인증 의무대상자이면서 전년도 말 기준 자산총액이 5천억 원을 초과한 정보통신서비스 제공자이지만 정보보호 최고책임자가 CIO를 겸직하고 있는 경우'];MANUAL;Manual check;manual_check;Manual check;manual;False;KISA-ISMS-P;KISA ISMS compliance framework 2023 (Korean)
aws;ISMS-P 인증은 한국인터넷진흥원(KISA)이 제정한 정보보호 및 개인정보보호 관리체계를 기반으로, 독립적인 심사기관이 기업이나 조직의 보안 및 개인정보 보호 활동이 인증 기준을 충족하는지 평가한 후 인증을 부여하는 제도입니다. 이를 통해 기업과 기관은 제공하는 서비스에 대한 대중의 신뢰를 높이고, 점점 복잡해지는 사이버 위협에 효과적으로 대응할 수 있습니다. 또한, ISMS-P는 정보보호와 개인정보 보호를 체계적으로 수립하고 운영할 수 있는 포괄적인 지침을 제공합니다.;;;2026-07-10 20:19:58.778743;1.1.3;조직 구성;최고경영자는 정보보호와 개인정보보호의 효과적 구현을 위한 실무조직, 조직 전반의 정보보호와 개인정보보호 관련 주요 사항을 검토 및 의결할 수 있는 위원회, 전사적 보호활동을 위한 부서별 정보보호와 개인정보보호 담당자로 구성된 협의체를 구성하여 운영하여야 한다.;1. 관리체계 수립 및 운영;1.1 관리체계 기반 마련;1.1.3 조직 구성;['정보보호 최고책임자 및 개인정보 보호책임자의 업무를 지원하고 조직의 정보보호 및 개인정보보호 활동을 체계적으로 이행하기 위하여 전문성을 갖춘 실무조직을 구성하여 운영하고 있는가?', '조직 전반에 걸친 중요한 정보보호 및 개인정보보호 관련사항에 대하여 검토, 승인 및 의사결정을 할 수 있는 위원회를 구성하여 운영하고 있는가?', '전사적 정보보호 및 개인정보보호 활동을 위하여 정보보호 및 개인정보보호 관련 담당자 및 부서별 담당자로 구성된 실무 협의체를 구성하여 운영하고 있는가?'];['개인정보 보호법 제29조(안전조치의무)', '개인정보의 안전성 확보조치 기준 제4조(내부 관리계획의 수립·시행 및 점검)'];['정보보호 및 개인정보보호 위원회 규정·회의록', '정보보호 및 개인정보보호 실무 협의체 규정·회의록', '정보보호 및 개인정보보호 조직도', '내부 관리계획', '직무기술서'];['사례 1 : 정보보호 및 개인정보보호 위원회를 구성하였으나, 임원 등 경영진이 포함되어 있지 않고 실무 부서의 장으로 구성되어 있어 조직의 중요 정보 및 개인정보 보호에 관한 사항을 결정할 수 없는 경우', '사례 2 : 내부 지침에 따라 중요 정보처리 부서 및 개인정보처리 부서의 장(팀장급)으로 구성된 정보보호 및 개인정보보호 실무 협의체를 구성하였으나, 장기간 운영 실적이 없는 경우', '사례 3 : 정보보호 및 개인정보보호 위원회를 개최하였으나, 연간 정보보호 및 개인정보보호 계획 및 교육 계획, 예산 및 인력 등 정보보호 및 개인정보보호에 관한 주요 사항이 검토 및 의사결정이 되지 않은 경우', '사례 4 : 정보보호 및 개인정보보호 관련 심의·의결을 위해 정보보호위원회를 구성하여 운영하고 있으나, 운영 및 IT보안 관련 조직만 참여하고 개인정보보호 관련 조직은 참여하지 않고 있어 개인정보보호에 관한 사항을 결정할 수 없는 경우'];MANUAL;Manual check;manual_check;Manual check;manual;False;KISA-ISMS-P;KISA ISMS compliance framework 2023 (Korean)
aws;ISMS-P 인증은 한국인터넷진흥원(KISA)이 제정한 정보보호 및 개인정보보호 관리체계를 기반으로, 독립적인 심사기관이 기업이나 조직의 보안 및 개인정보 보호 활동이 인증 기준을 충족하는지 평가한 후 인증을 부여하는 제도입니다. 이를 통해 기업과 기관은 제공하는 서비스에 대한 대중의 신뢰를 높이고, 점점 복잡해지는 사이버 위협에 효과적으로 대응할 수 있습니다. 또한, ISMS-P는 정보보호와 개인정보 보호를 체계적으로 수립하고 운영할 수 있는 포괄적인 지침을 제공합니다.;;;2026-07-10 20:19:58.778743;1.1.4;범위 설정;조직의 핵심 서비스와 개인정보 처리 현황 등을 고려하여 관리체계 범위를 설정하고, 관련된 서비스를 비롯하여 개인정보 처리 업무와 조직, 자산, 물리적 위치 등을 문서화하여야 한다.;1. 관리체계 수립 및 운영;1.1 관리체계 기반 마련;1.1.4 범위 설정;['조직의 핵심 서비스 및 개인정보 처리에 영향을 줄 수 있는 핵심자산을 포함하도록 관리체계 범위를 설정하고 있는가?', '정의된 범위 내에서 예외사항이 있을 경우 명확한 사유 및 관련자 협의·책임자 승인 등 관련 근거를 기록·관리하고 있는가?', '정보보호 및 개인정보보호 관리체계 범위를 명확히 확인할 수 있도록 관련된 내용(주요 서비스 및 업무 현황, 정보시스템 목록, 문서목록 등)이 포함된 문서를 작성하여 관리하고 있는가?'];[];['정보보호 및 개인정보보호 관리체계 범위 정의서', '정보자산 및 개인정보 목록', '문서 목록', '서비스 흐름도', '개인정보 흐름도', '전사 조직도', '시스템 및 네트워크 구성도'];['사례 1 : 정보시스템 및 개인정보처리시스템 개발업무에 관련한 개발 및 시험 시스템, 외주업체직원, PC, 테스트용 단말기 등이 관리체계 범위에서 누락된 경우', '사례 2 : 정보보호 및 개인정보보호 관리체계 범위로 설정된 서비스 또는 사업에 대하여 중요 의사결정자 역할을 수행하고 있는 임직원, 사업부서 등의 핵심 조직(인력)을 인증범위에 포함하지 않은 경우', '사례 3 : 정보시스템 및 개인정보처리시스템 개발업무에 관련한 개발 및 시험 시스템, 개발자 PC, 테스트용 단말기, 개발조직 등이 관리체계 범위에서 누락된 경우'];MANUAL;Manual check;manual_check;Manual check;manual;False;KISA-ISMS-P;KISA ISMS compliance framework 2023 (Korean)
aws;ISMS-P 인증은 한국인터넷진흥원(KISA)이 제정한 정보보호 및 개인정보보호 관리체계를 기반으로, 독립적인 심사기관이 기업이나 조직의 보안 및 개인정보 보호 활동이 인증 기준을 충족하는지 평가한 후 인증을 부여하는 제도입니다. 이를 통해 기업과 기관은 제공하는 서비스에 대한 대중의 신뢰를 높이고, 점점 복잡해지는 사이버 위협에 효과적으로 대응할 수 있습니다. 또한, ISMS-P는 정보보호와 개인정보 보호를 체계적으로 수립하고 운영할 수 있는 포괄적인 지침을 제공합니다.;;;2026-07-10 20:19:58.778743;1.1.5;정책 수립;정보보호와 개인정보보호 정책 및 시행문서를 수립·작성하며, 이때 조직의 정보보호와 개인정보보호 방침 및 방향을 명확하게 제시하여야 한다. 또한 정책과 시행문서는 경영진의 승인을 받고, 임직원 및 관련자에게 이해하기 쉬운 형태로 전달하여야 한다.;1. 관리체계 수립 및 운영;1.1 관리체계 기반 마련;1.1.5 정책 수립;['조직이 수행하는 모든 정보보호 및 개인정보보호 활동의 근거를 포함하는 최상위 수준의 정보보호 및 개인정보보호 정책을 수립하고 있는가?', '정보보호 및 개인정보보호 정책의 시행을 위하여 필요한 세부적인 방법, 절차, 주기 등을 규정한 지침, 절차, 매뉴얼 등을 수립하고 있는가?', '정보보호 및 개인정보보호 정책·시행문서의 제·개정 시 최고경영자 또는 최고경영자로부터 권한을 위임받은 자의 승인을 받고 있는가?', '정보보호 및 개인정보보호 정책·시행문서의 최신본을 관련 임직원에게 이해하기 쉬운 형태로 제공하고 있는가?'];['개인정보 보호법 제29조(안전조치의무)', '개인정보의 안전성 확보조치 기준 제4조(내부 관리계획의 수립·시행 및 점검)'];['정보보호 및 개인정보보호 정책·지침·절차서(제·개정 내역 포함)', '정보보호 및 개인정보보호 정책·지침절차서 제·개정 시 이해관계자 검토 회의록', '개인정보 내부 관리계획', '정보보호 및 개인정보보호 정책·지침 제·개정 공지내역(그룹웨어, 사내게시판 등)', '정보보호 및 개인정보보호 위원회 회의록'];['사례 1 : 내부 규정에 따르면 정보보호 및 개인정보보호 정책서 제·개정 시에는 정보보호 및 개인정보보호 위원회의 의결을 거치도록 하고 있으나, 최근 정책서 개정 시 위원회에 안건으로 상정하지 않고 정보보호 최고책임자 및 개인정보 보호책임자의 승인을 근거로만 개정한 경우', '사례 2 : 정보보호 및 개인정보보호 정책 및 지침서가 최근에 개정되었으나, 해당 사항이 관련 부서 및 임직원에게 공유·전달되지 않아 일부 부서에서는 구버전의 지침서를 기준으로 업무를 수행하고 있는 경우', '사례 3 : 정보보호 및 개인정보보호 정책 및 지침서를 보안부서에서만 관리하고 있고, 임직원이 열람할 수 있도록 게시판, 문서 등의 방법으로 제공하지 않는 경우'];MANUAL;Manual check;manual_check;Manual check;manual;False;KISA-ISMS-P;KISA ISMS compliance framework 2023 (Korean)
aws;ISMS-P 인증은 한국인터넷진흥원(KISA)이 제정한 정보보호 및 개인정보보호 관리체계를 기반으로, 독립적인 심사기관이 기업이나 조직의 보안 및 개인정보 보호 활동이 인증 기준을 충족하는지 평가한 후 인증을 부여하는 제도입니다. 이를 통해 기업과 기관은 제공하는 서비스에 대한 대중의 신뢰를 높이고, 점점 복잡해지는 사이버 위협에 효과적으로 대응할 수 있습니다. 또한, ISMS-P는 정보보호와 개인정보 보호를 체계적으로 수립하고 운영할 수 있는 포괄적인 지침을 제공합니다.;;;2026-07-10 20:19:58.778743;1.1.6;자원 할당;최고경영자는 정보보호와 개인정보보호 분야별 전문성을 갖춘 인력을 확보하고, 관리체계의 효과적 구현과 지속적 운영을 위한 예산 및 자원을 할당하여야 한다.;1. 관리체계 수립 및 운영;1.1 관리체계 기반 마련;1.1.6 자원 할당;['정보보호 및 개인정보보호 분야별 전문성을 갖춘 인력을 확보하고 있는가?', '정보보호 및 개인정보보호 관리체계의 효과적 구현과 지속적 운영을 위하여 필요한 자원을 평가하여 필요한 예산과 인력을 지원하고 있는가?', '연도별 정보보호 및 개인정보보호 업무 세부추진 계획을 수립·시행하고, 그 추진결과에 대한 심사분석·평가를 실시하고 있는가?'];[];['정보보호 및 개인정보보호 활동 연간 추진계획서(예산 및 인력운영계획)', '정보보호 및 개인정보보호 활동 결과 보고서', '정보보호 및 개인정보보호 투자 내역', '정보보호 및 개인정보보호 조직도'];['사례 1 : 정보보호 및 개인정보보호 조직을 구성하는데, 분야별 전문성을 갖춘 인력이 아닌 정보보호 관련 또는 IT 관련 전문성이 없는 인원으로만 보안인력을 구성한 경우', '사례 2 : 개인정보처리시스템의 기술적·관리적 보호조치의 요건을 갖추기 위한 최소한의 보안 솔루션 도입, 안전조치 적용 등을 위한 비용을 최고경영자가 지원하지 않고 있는 경우', '사례 3 : 인증을 취득한 이후에 인력과 예산 지원을 대폭 줄이고 기존 인력을 다른 부서로 배치하거나 일부 예산을 다른 용도로 사용하는 경우'];MANUAL;Manual check;manual_check;Manual check;manual;False;KISA-ISMS-P;KISA ISMS compliance framework 2023 (Korean)
aws;ISMS-P 인증은 한국인터넷진흥원(KISA)이 제정한 정보보호 및 개인정보보호 관리체계를 기반으로, 독립적인 심사기관이 기업이나 조직의 보안 및 개인정보 보호 활동이 인증 기준을 충족하는지 평가한 후 인증을 부여하는 제도입니다. 이를 통해 기업과 기관은 제공하는 서비스에 대한 대중의 신뢰를 높이고, 점점 복잡해지는 사이버 위협에 효과적으로 대응할 수 있습니다. 또한, ISMS-P는 정보보호와 개인정보 보호를 체계적으로 수립하고 운영할 수 있는 포괄적인 지침을 제공합니다.;;;2026-07-10 20:19:58.778743;1.2.1;정보자산 식별;조직의 업무특성에 따라 정보자산 분류기준을 수립하여 관리체계 범위 내 모든 정보자산을 식별·분류하고, 중요도를 산정한 후 그 목록을 최신으로 관리하여야 한다.;1. 관리체계 수립 및 운영;1.2 위험 관리;1.2.1 정보자산 식별;['정보자산의 분류기준을 수립하고 정보보호 및 개인정보보호 관리체계 범위 내의 모든 자산을 식별하여 목록으로 관리하고 있는가?', '식별된 정보자산에 대하여 법적 요구사항 및 업무에 미치는 영향 등을 고려하여 중요도를 결정하고 보안등급을 부여하고 있는가?', '정기적으로 정보자산 현황을 조사하여 정보자산목록을 최신으로 유지하고 있는가?'];[];['정보자산 및 개인정보 자산분류 기준', '정보자산 및 개인정보 자산목록(자산관리시스템 화면)', '정보자산 및 개인정보 보안등급', '자산실사 내역', '위험분석 보고서(자산식별 내역)'];['사례 1 : 정보보호 및 개인정보보호 관리체계 범위 내의 자산 목록에서 중요정보 취급자 및 개인정보 취급자 PC를 통제하는 데 사용되는 출력물 보안, 문서암호화, USB매체제어 등의 내부정보 유출통제 시스템이 누락된 경우', '사례 2 : 정보보호 및 개인정보보호 관리체계 범위 내에서 제3자로부터 제공받은 개인정보가 있으나, 해당 개인정보에 대한 자산 식별이 이루어지지 않은 경우', '사례 3 : 내부 지침에 명시된 정보자산 및 개인정보 보안등급 분류 기준과 자산관리 대장의 분류 기준이 일치하지 않은 경우', '사례 4 : 온프레미스 자산에 대해서는 식별이 이루어졌으나, 외부에 위탁한 IT 서비스(웹호스팅, 서버호스팅, 클라우드 등)에 대한 자산 식별이 누락된 경우(단, 인증범위 내)', '사례 5 : 고유식별정보 등 개인정보를 저장하고 있는 백업서버의 기밀성 등급을 (하)로 산정하는 등 정보자산 중요도 평가의 합리성 및 신뢰성이 미흡한 경우'];MANUAL;Manual check;manual_check;Manual check;manual;False;KISA-ISMS-P;KISA ISMS compliance framework 2023 (Korean)
aws;ISMS-P 인증은 한국인터넷진흥원(KISA)이 제정한 정보보호 및 개인정보보호 관리체계를 기반으로, 독립적인 심사기관이 기업이나 조직의 보안 및 개인정보 보호 활동이 인증 기준을 충족하는지 평가한 후 인증을 부여하는 제도입니다. 이를 통해 기업과 기관은 제공하는 서비스에 대한 대중의 신뢰를 높이고, 점점 복잡해지는 사이버 위협에 효과적으로 대응할 수 있습니다. 또한, ISMS-P는 정보보호와 개인정보 보호를 체계적으로 수립하고 운영할 수 있는 포괄적인 지침을 제공합니다.;;;2026-07-10 20:19:58.778743;1.2.2;현황 및 흐름분석;관리체계 전 영역에 대한 정보서비스 및 개인정보 처리 현황을 분석하고 업무 절차와 흐름을 파악하여 문서화하며, 이를 주기적으로 검토하여 최신성을 유지하여야 한다.;1. 관리체계 수립 및 운영;1.2 위험 관리;1.2.2 현황 및 흐름분석;['관리체계 전 영역에 대한 정보서비스 현황을 식별하고 업무 절차와 흐름을 파악하여 문서화하고 있는가?', '관리체계 범위 내 개인정보 처리 현황을 식별하고 개인정보의 흐름을 파악하여 개인정보 흐름도 등으로 문서화하고 있는가?', '서비스 및 업무, 정보자산 등의 변화에 따른 업무절차 및 개인정보 흐름을 주기적으로 검토하여 흐름도 등 관련 문서의 최신성을 유지하고 있는가?'];[];['정보서비스 현황표', '정보서비스 업무흐름표·업무흐름도', '개인정보 처리 현황표(ISMS-P 인증인 경우)', '개인정보 흐름표·흐름도(ISMS-P 인증인 경우)'];['사례 1 : 관리체계 범위 내 주요 서비스의 업무 절차·흐름 및 현황에 문서화가 이루어지지 않은 경우', '사례 2 : 개인정보 흐름도를 작성하였으나, 실제 개인정보의 흐름과 상이한 부분이 다수 존재하거나 중요한 개인정보 흐름이 누락되어 있는 경우', '사례 3 : 최초 개인정보 흐름도 작성 이후에 현행화가 이루어지지 않아 변화된 개인정보 흐름이 흐름도에 반영되지 않고 있는 경우'];MANUAL;Manual check;manual_check;Manual check;manual;False;KISA-ISMS-P;KISA ISMS compliance framework 2023 (Korean)
aws;ISMS-P 인증은 한국인터넷진흥원(KISA)이 제정한 정보보호 및 개인정보보호 관리체계를 기반으로, 독립적인 심사기관이 기업이나 조직의 보안 및 개인정보 보호 활동이 인증 기준을 충족하는지 평가한 후 인증을 부여하는 제도입니다. 이를 통해 기업과 기관은 제공하는 서비스에 대한 대중의 신뢰를 높이고, 점점 복잡해지는 사이버 위협에 효과적으로 대응할 수 있습니다. 또한, ISMS-P는 정보보호와 개인정보 보호를 체계적으로 수립하고 운영할 수 있는 포괄적인 지침을 제공합니다.;;;2026-07-10 20:19:58.778743;1.2.3;위험 평가;조직의 대내외 환경분석을 통하여 유형별 위협정보를 수집하고 조직에 적합한 위험 평가 방법을 선정하여 관리체계 전 영역에 대하여 연 1회 이상 위험을 평가하며, 수용할 수 있는 위험은 경영진의 승인을 받아 관리하여야 한다.;1. 관리체계 수립 및 운영;1.2 위험 관리;1.2.3 위험 평가;['조직 또는 서비스의 특성에 따라 다양한 측면에서 발생할 수 있는 위험을 식별하고 평가할 수 있는 방법을 정의하고 있는가?', '위험관리 방법 및 절차(수행인력, 기간, 대상, 방법, 예산 등)를 구체화한 위험관리계획을 매년 수립하고 있는가?', '위험관리계획에 따라 연 1회 이상 정기적으로 또는 필요한 시점에 위험평가를 수행하고 있는가?', '조직에서 수용 가능한 목표 위험수준을 정하고, 그 수준을 초과하는 위험을 식별하고 있는가?', '위험식별 및 평가 결과를 경영진에게 보고하고 있는가?'];['개인정보 보호법 제29조(안전조치의무)', '개인정보의 안전성 확보조치 기준 제4조(내부 관리계획의 수립·시행 및 점검)'];['위험관리 지침', '위험관리 매뉴얼·가이드', '위험관리 계획서', '위험평가 결과보고서', '정보보호 및 개인정보보호 위원회 회의록', '정보보호 및 개인정보보호 실무 협의회 회의록', '정보자산 및 개인정보자산 목록', '정보서비스 및 개인정보 흐름표·흐름도'];['사례 1 : 수립된 위험관리계획서에 위험평가 기간 및 위험관리 대상과 방법이 정의되어 있으나, 위험관리 수행 인력과 소요 예산 등 구체적인 실행계획이 누락되어 있는 경우', '사례 2 : 전년도에는 위험평가를 수행하였으나, 금년도에는 자산 변경이 없었다는 사유로 위험 평가를 수행하지 않은 경우', '사례 3 : 위험관리 계획에 따라 위험 식별 및 평가를 수행하고 있으나, 범위 내 중요 정보자산에 대한 위험 식별 및 평가를 수행하지 않았거나, 정보보호 관련 법적 요구 사항 준수 여부에 따른 위험을 식별 및 평가하지 않은 경우', '사례 4 : 위험관리 계획에 따라 위험 식별 및 평가를 수행하고 수용 가능한 목표 위험수준을 설정하였으나, 관련 사항을 경영진(정보보호 최고책임자 등)에 보고하여 승인받지 않은 경우', '사례 5 : 내부 지침에 정의한 위험 평가 방법과 실제 수행한 위험 평가 방법이 상이할 경우', '사례 6 : 정보보호 관리체계와 관련된 관리적·물리적 영역의 위험 식별 및 평가를 수행하지 않고, 단순히 기술적 취약점진단 결과를 위험 평가 결과로 갈음하고 있는 경우', '사례 7 : 수용 가능한 목표 위험수준(DoA)을 타당한 사유 없이 과도하게 높이는 것으로 결정함에 따라, 실질적으로 대응이 필요한 주요 위험들이 조치가 불필요한 위험(수용 가능한 위험)으로 지정된 경우'];MANUAL;Manual check;manual_check;Manual check;manual;False;KISA-ISMS-P;KISA ISMS compliance framework 2023 (Korean)
aws;ISMS-P 인증은 한국인터넷진흥원(KISA)이 제정한 정보보호 및 개인정보보호 관리체계를 기반으로, 독립적인 심사기관이 기업이나 조직의 보안 및 개인정보 보호 활동이 인증 기준을 충족하는지 평가한 후 인증을 부여하는 제도입니다. 이를 통해 기업과 기관은 제공하는 서비스에 대한 대중의 신뢰를 높이고, 점점 복잡해지는 사이버 위협에 효과적으로 대응할 수 있습니다. 또한, ISMS-P는 정보보호와 개인정보 보호를 체계적으로 수립하고 운영할 수 있는 포괄적인 지침을 제공합니다.;;;2026-07-10 20:19:58.778743;1.2.4;보호대책 선정;위험 평가 결과에 따라 식별된 위험을 처리하기 위하여 조직에 적합한 보호대책을 선정하고, 보호대책의 우선순위와 일정·담당자·예산 등을 포함한 이행계획을 수립하여 경영진의 승인을 받아야 한다.;1. 관리체계 수립 및 운영;1.2 위험 관리;1.2.4 보호대책 선정;['식별된 위험에 대한 처리 전략(감소, 회피, 전가, 수용 등)을 수립하고 위험처리를 위한 보호대책을 선정하고 있는가?', '보호대책의 우선순위를 고려하여 일정, 담당부서 및 담당자, 예산 등의 항목을 포함한 보호대책 이행계획을 수립하고 경영진에 보고하고 있는가?'];[];['정보보호 및 개인정보보호 이행계획서·위험관리계획서', '정보보호 및 개인정보보호 대책서', '정보보호 및 개인정보보호 마스터플랜', '정보보호 및 개인정보보호 이행계획 경영진 보고 및 승인 내역'];['사례 1 : 정보보호 및 개인정보보호 대책에 대한 이행계획은 수립하였으나, 정보보호 최고책임자 및 개인정보 보호책임자에게 보고가 이루어지지 않은 경우', '사례 2 : 위험감소가 요구되는 일부 위험의 조치 이행계획이 누락되어 있는 경우', '사례 3 : 법에 따라 의무적으로 이행하여야 할 사항, 보안 취약성이 높은 위험 등을 별도의 보호조치 계획 없이 위험수용으로 결정하여 조치하지 않은 경우', '사례 4 : 위험수용에 대한 근거와 타당성이 미흡하고, 시급성 및 구현 용이성 등의 측면에서 즉시 또는 단기 조치가 가능한 위험요인에 대해서도 특별한 사유 없이 장기 조치계획으로 분류한 경우'];MANUAL;Manual check;manual_check;Manual check;manual;False;KISA-ISMS-P;KISA ISMS compliance framework 2023 (Korean)
aws;ISMS-P 인증은 한국인터넷진흥원(KISA)이 제정한 정보보호 및 개인정보보호 관리체계를 기반으로, 독립적인 심사기관이 기업이나 조직의 보안 및 개인정보 보호 활동이 인증 기준을 충족하는지 평가한 후 인증을 부여하는 제도입니다. 이를 통해 기업과 기관은 제공하는 서비스에 대한 대중의 신뢰를 높이고, 점점 복잡해지는 사이버 위협에 효과적으로 대응할 수 있습니다. 또한, ISMS-P는 정보보호와 개인정보 보호를 체계적으로 수립하고 운영할 수 있는 포괄적인 지침을 제공합니다.;;;2026-07-10 20:19:58.778743;1.3.1;보호대책 구현;선정한 보호대책은 이행계획에 따라 효과적으로 구현하고, 경영진은 이행결과의 정확성과 효과성 여부를 확인하여야 한다.;1. 관리체계 수립 및 운영;1.3 관리체계 운영;1.3.1 보호대책 구현;['이행계획에 따라 보호대책을 효과적으로 구현하고 이행결과의 정확성 및 효과성 여부를 경영진이 확인할 수 있도록 보고하고 있는가?', '관리체계 인증기준별로 보호대책 구현 및 운영 현황을 기록한 운영명세서를 구체적으로 작성하고 있는가?'];[];['정보보호 및 개인정보보호 이행계획서·위험관리계획서', '정보보호 및 개인정보보호 대책서', '정보보호 및 개인정보보호 이행계획 경과보고서(경영진 보고 포함)', '정보보호 및 개인정보보호 이행 완료 보고서(경영진 보고 포함)', '정보보호 및 개인정보보호 운영명세서'];['사례 1 : 정보보호 및 개인정보보호 대책에 대한 이행완료 결과를 정보보호 최고책임자 및 개인정보 보호책임자에게 보고하지 않은 경우', '사례 2 : 위험조치 이행결과보고서는 ʻ조치 완료ʼ로 명시되어 있으나, 관련된 위험이 여전히 존재하거나 이행결과의 정확성 및 효과성이 확인되지 않은 경우', '사례 3 : 전년도 정보보호대책 이행계획에 따라 중·장기로 분류된 위험들이 해당연도에 구현이 되고 있지 않거나 이행결과를 경영진이 검토 및 확인하고 있지 않은 경우', '사례 4 : 운영명세서에 작성된 운영 현황이 실제와 일치하지 않고, 운명명세서에 기록되어 있는 관련 문서, 결재 내용, 회의록 등이 존재하지 않는 경우', '사례 5 : 이행계획 시행에 대한 결과를 정보보호 최고책임자 및 개인정보 보호책임자에게 보고하였으나, 일부 미이행된 건에 대한 사유 보고 및 후속 조치가 이루어지지 않은 경우'];MANUAL;Manual check;manual_check;Manual check;manual;False;KISA-ISMS-P;KISA ISMS compliance framework 2023 (Korean)
aws;ISMS-P 인증은 한국인터넷진흥원(KISA)이 제정한 정보보호 및 개인정보보호 관리체계를 기반으로, 독립적인 심사기관이 기업이나 조직의 보안 및 개인정보 보호 활동이 인증 기준을 충족하는지 평가한 후 인증을 부여하는 제도입니다. 이를 통해 기업과 기관은 제공하는 서비스에 대한 대중의 신뢰를 높이고, 점점 복잡해지는 사이버 위협에 효과적으로 대응할 수 있습니다. 또한, ISMS-P는 정보보호와 개인정보 보호를 체계적으로 수립하고 운영할 수 있는 포괄적인 지침을 제공합니다.;;;2026-07-10 20:19:58.778743;1.3.2;보호대책 공유;보호대책의 실제 운영 또는 시행할 부서 및 담당자를 파악하여 관련 내용을 공유하고 교육하여 지속적으로 운영되도록 하여야 한다.;1. 관리체계 수립 및 운영;1.3 관리체계 운영;1.3.2 보호대책 공유;['구현된 보호대책을 운영 또는 시행할 부서 및 담당자를 명확하게 파악하고 있는가?', '구현된 보호대책을 운영 또는 시행할 부서 및 담당자에게 관련 내용을 공유 또는 교육하고 있는가?'];[];['정보보호 및 개인정보보호 대책별 운영부서 또는 시행부서 현황', '정보보호 및 개인정보 관리계획 내부공유 증거자료(공지 내역, 교육자료, 공유 자료 등)'];['사례 1 : 정보보호대책을 마련하여 구현하고 있으나, 관련 내용을 충분히 공유·교육하지 않아 실제 운영 또는 수행 부서 및 담당자가 해당 내용을 인지하지 못하고 있는 경우'];MANUAL;Manual check;manual_check;Manual check;manual;False;KISA-ISMS-P;KISA ISMS compliance framework 2023 (Korean)
aws;ISMS-P 인증은 한국인터넷진흥원(KISA)이 제정한 정보보호 및 개인정보보호 관리체계를 기반으로, 독립적인 심사기관이 기업이나 조직의 보안 및 개인정보 보호 활동이 인증 기준을 충족하는지 평가한 후 인증을 부여하는 제도입니다. 이를 통해 기업과 기관은 제공하는 서비스에 대한 대중의 신뢰를 높이고, 점점 복잡해지는 사이버 위협에 효과적으로 대응할 수 있습니다. 또한, ISMS-P는 정보보호와 개인정보 보호를 체계적으로 수립하고 운영할 수 있는 포괄적인 지침을 제공합니다.;;;2026-07-10 20:19:58.778743;1.3.3;운영현황 관리;조직이 수립한 관리체계에 따라 상시적 또는 주기적으로 수행하여야 하는 운영활동 및 수행 내역은 식별 및 추적이 가능하도록 기록하여 관리하고, 경영진은 주기적으로 운영활동의 효과성을 확인하여 관리하여야 한다.;1. 관리체계 수립 및 운영;1.3 관리체계 운영;1.3.3 운영현황 관리;['관리체계 운영을 위하여 주기적 또는 상시적으로 수행하여야 하는 정보보호 및 개인정보보호 활동을 문서화하여 관리하고 있는가?', '경영진은 주기적으로 관리체계 운영활동의 효과성을 확인하고 이를 관리하고 있는가?'];['개인정보 보호법 제31조(개인정보 보호책임자의 지정)', '정보통신망법 제45조의3(정보보호 최고책임자의 지정 등)'];['정보보호 및 개인정보보호 연간계획서', '정보보호 및 개인정보보호 운영현황표', '정보보호 및 개인정보보호 활동 수행 여부 점검 결과'];['사례 1 : 정보보호 및 개인정보보호 관리체계 운영현황 중 주기적 또는 상시적인 활동이 요구되는 활동 현황을 문서화하지 않은 경우', '사례 2 : 정보보호 및 개인정보보호 관리체계 운영현황에 대한 문서화는 이루어졌으나, 해당 운영현황에 대한 주기적인 검토가 이루어지지 않아 월별 및 분기별 활동이 요구되는 일부 정보보호 및 개인정보보호 활동이 누락되었고 일부는 이행 여부를 확인할 수 없는 경우'];MANUAL;Manual check;manual_check;Manual check;manual;False;KISA-ISMS-P;KISA ISMS compliance framework 2023 (Korean)
aws;ISMS-P 인증은 한국인터넷진흥원(KISA)이 제정한 정보보호 및 개인정보보호 관리체계를 기반으로, 독립적인 심사기관이 기업이나 조직의 보안 및 개인정보 보호 활동이 인증 기준을 충족하는지 평가한 후 인증을 부여하는 제도입니다. 이를 통해 기업과 기관은 제공하는 서비스에 대한 대중의 신뢰를 높이고, 점점 복잡해지는 사이버 위협에 효과적으로 대응할 수 있습니다. 또한, ISMS-P는 정보보호와 개인정보 보호를 체계적으로 수립하고 운영할 수 있는 포괄적인 지침을 제공합니다.;;;2026-07-10 20:19:58.778743;1.4.1;법적 요구사항 준수 검토;조직이 준수하여야 할 정보보호 및 개인정보보호 관련 법적 요구사항을 주기적으로 파악하여 규정에 반영하고, 준수 여부를 지속적으로 검토하여야 한다.;1. 관리체계 수립 및 운영;1.4 관리체계 점검 및 개선;1.4.1 법적 요구사항 준수 검토;['조직이 준수하여야 하는 정보보호 및 개인정보보호 관련 법적 요구사항을 파악하여 최신성을 유지하고 있는가?', '법적 요구사항의 준수 여부를 연 1회 이상 정기적으로 검토하고 있는가?'];['개인정보 보호법 제29조(안전조치의무)', '개인정보의 안전성 확보조치 기준 제4조(내부 관리계획의 수립·시행 및 점검)'];['법적 준거성 검토 내역', '정보보호 및 개인정보보호 정책·지침 검토 및 개정이력', '정책·지침 신구대조표', '법 개정사항 내부공유 자료', '개인정보 손해배상 책임보장 입증 자료(사이버보험 약정서 등)', '정보보호 공시 내역'];['사례 1 : 정보통신망법 및 개인정보 보호법이 최근 개정되었으나 개정사항이 조직에 미치는 영향을 검토하지 않았으며, 정책서·시행문서 및 법적준거성 체크리스트 등에도 해당 내용을 반영하지 않아 정책서·시행문서 및 법적준거성 체크리스트 등의 내용이 법령 내용과 일치하지 않은 경우', '사례 2 : 조직에서 준수하여야 할 법률이 개정되었으나, 해당 법률 준거성 검토를 장기간 수행하지 않은 경우', '사례 3 : 법적 준거성 준수 여부에 대한 검토가 적절히 이루어지지 않아 개인정보 보호법 등 법규 위반 사항이 다수 발견된 경우', '사례 4 : 개인정보 보호법에 따라 개인정보 손해배상책임 보장제도 적용 대상이 되었으나, 이를 인지하지 못하여 보험 가입이나 준비금 적립을 하지 않은 경우 또는 보험 가입을 하였으나 이용자 수 및 매출액에 따른 최저가입금액 기준을 준수하지 못한 경우', '사례 5 : 정보보호 공시 의무대상 사업자이지만 법에 정한 시점 내에 정보보호 공시가 시행되지 않은 경우', '사례 6 : 모바일앱을 통해 위치정보사업자로부터 이용자의 개인위치정보를 전송받아 서비스에 이용하고 있으나, 위치기반서비스사업 신고를 하지 않은 경우', '사례 7 : 국내에 주소 또는 영업소가 없는 개인정보처리자로서 전년도 말 기준 직전 3개월 간 그 개인정보가 저장·관리되고 있는 국내 정보주체의 수가 일일평균 100만명 이상인 자에 해당되어 국내대리인 지정의무에 해당됨에도 불구하고, 국내대리인을 문서로 지정하지 않은 경우'];MANUAL;Manual check;manual_check;Manual check;manual;False;KISA-ISMS-P;KISA ISMS compliance framework 2023 (Korean)
aws;ISMS-P 인증은 한국인터넷진흥원(KISA)이 제정한 정보보호 및 개인정보보호 관리체계를 기반으로, 독립적인 심사기관이 기업이나 조직의 보안 및 개인정보 보호 활동이 인증 기준을 충족하는지 평가한 후 인증을 부여하는 제도입니다. 이를 통해 기업과 기관은 제공하는 서비스에 대한 대중의 신뢰를 높이고, 점점 복잡해지는 사이버 위협에 효과적으로 대응할 수 있습니다. 또한, ISMS-P는 정보보호와 개인정보 보호를 체계적으로 수립하고 운영할 수 있는 포괄적인 지침을 제공합니다.;;;2026-07-10 20:19:58.778743;1.4.2;관리체계 점검;관리체계가 내부 정책 및 법적 요구사항에 따라 효과적으로 운영되고 있는지 독립성과 전문성이 확보된 인력을 구성하여 연 1회 이상 점검하고, 발견된 문제점을 경영진에게 보고하여야 한다.;1. 관리체계 수립 및 운영;1.4 관리체계 점검 및 개선;1.4.2 관리체계 점검;['법적 요구사항 및 수립된 정책에 따라 정보보호 및 개인정보보호 관리체계가 효과적으로 운영되는지를 점검하기 위한 관리체계 점검기준, 범위, 주기, 점검인력 자격요건 등을 포함한 관리체계 점검 계획을 수립하고 있는가?', '관리체계 점검 계획에 따라 독립성, 객관성 및 전문성이 확보된 인력을 구성하여 연 1회 이상 점검을 수행하고 발견된 문제점을 경영진에게 보고하고 있는가?'];['개인정보 보호법 제29조(안전조치의무)', '개인정보의 안전성 확보조치 기준 제4조(내부 관리계획의 수립·시행 및 점검)'];['관리체계 점검 계획서(내부점검 계획서, 내부감사 계획서)', '관리체계 점검 결과보고서', '정보보호 및 개인정보보호 위원회 회의록'];['사례 1 : 관리체계 점검 인력에 점검 대상으로 식별된 전산팀 직원이 포함되어 전산팀 관리 영역에 대한 점검에 관여하고 있어, 점검의 독립성이 훼손된 경우', '사례 2 : 금년도 관리체계 점검을 실시하였으나, 점검범위가 일부 영역에 국한되어 있어 정보보호 및 개인정보보호 관리체계 범위를 충족하지 못한 경우', '사례 3 : 관리체계 점검팀이 위험평가 또는 취약점 점검 등 관리체계 구축 과정에 참여한 내부 직원 및 외부 컨설턴트로만 구성되어, 점검의 독립성이 확보되었다고 볼 수 없는 경우'];MANUAL;Manual check;manual_check;Manual check;manual;False;KISA-ISMS-P;KISA ISMS compliance framework 2023 (Korean)
aws;ISMS-P 인증은 한국인터넷진흥원(KISA)이 제정한 정보보호 및 개인정보보호 관리체계를 기반으로, 독립적인 심사기관이 기업이나 조직의 보안 및 개인정보 보호 활동이 인증 기준을 충족하는지 평가한 후 인증을 부여하는 제도입니다. 이를 통해 기업과 기관은 제공하는 서비스에 대한 대중의 신뢰를 높이고, 점점 복잡해지는 사이버 위협에 효과적으로 대응할 수 있습니다. 또한, ISMS-P는 정보보호와 개인정보 보호를 체계적으로 수립하고 운영할 수 있는 포괄적인 지침을 제공합니다.;;;2026-07-10 20:19:58.778743;1.4.3;관리체계 개선;법적 요구사항 준수검토 및 관리체계 점검을 통하여 식별된 관리체계상의 문제점에 대한 원인을 분석하고 재발방지 대책을 수립·이행하여야 하며, 경영진은 개선 결과의 정확성과 효과성 여부를 확인하여야 한다.;1. 관리체계 수립 및 운영;1.4 관리체계 점검 및 개선;1.4.3 관리체계 개선;['법적 요구사항 준수검토 및 관리체계 점검을 통하여 식별된 관리체계상의 문제점에 대한 근본 원인을 분석하여 재발방지 및 개선 대책을 수립·이행하고 있는가?', '재발방지 및 개선 결과의 정확성 및 효과성 여부를 확인하기 위한 기준과 절차를 마련하고 있는가?'];['개인정보 보호법 제29조(안전조치의무)', '개인정보의 안전성 확보조치 기준 제4조(내부 관리계획의 수립·시행 및 점검)'];['관리체계 점검 결과보고서', '관리체계 점검 조치계획서·이행조치결과서', '재발방지 대책', '효과성 측정 지표 및 측정 결과(경영진 보고 포함)'];['사례 1 : 내부점검을 통하여 발견된 정보보호 및 개인정보보호 관리체계 운영상 문제점이 매번 동일하게 반복되어 발생되는 경우', '사례 2 : 내부 규정에는 내부점검 시 발견된 문제점에 대해서는 근본원인에 대한 분석 및 재발방지 대책을 수립하도록 되어 있으나, 최근에 수행된 내부점검에서는 발견된 문제점에 대하여 근본원인 분석 및 재발방지 대책이 수립되지 않은 경우', '사례 3 : 관리체계상 문제점에 대한 재발방지 대책을 수립하고 핵심성과지표를 마련하여 주기적으로 측정하고 있으나, 그 결과에 대하여 경영진 보고가 장기간 이루어지지 않은 경우', '사례 4 : 관리체계 점검 시 발견된 문제점에 대하여 조치계획을 수립하지 않았거나 조치 완료 여부를 확인하지 않은 경우'];MANUAL;Manual check;manual_check;Manual check;manual;False;KISA-ISMS-P;KISA ISMS compliance framework 2023 (Korean)
aws;ISMS-P 인증은 한국인터넷진흥원(KISA)이 제정한 정보보호 및 개인정보보호 관리체계를 기반으로, 독립적인 심사기관이 기업이나 조직의 보안 및 개인정보 보호 활동이 인증 기준을 충족하는지 평가한 후 인증을 부여하는 제도입니다. 이를 통해 기업과 기관은 제공하는 서비스에 대한 대중의 신뢰를 높이고, 점점 복잡해지는 사이버 위협에 효과적으로 대응할 수 있습니다. 또한, ISMS-P는 정보보호와 개인정보 보호를 체계적으로 수립하고 운영할 수 있는 포괄적인 지침을 제공합니다.;;;2026-07-10 20:19:58.778743;2.1.1;정책의 유지관리;정보보호 및 개인정보보호 관련 정책과 시행문서는 법령 및 규제, 상위 조직 및 관련 기관 정책과의 연계성, 조직의 대내외 환경변화 등에 따라 주기적으로 검토하여 필요한 경우 제·개정하고 그 내역을 이력관리하여야 한다.;2. 보호대책 요구사항;2.1 정책, 조직, 자산 관리;2.1.1 정책의 유지관리;['정보보호 및 개인정보보호 관련 정책 및 시행문서에 대한 정기적인 타당성 검토 절차를 수립·이행하고 있는가?', '조직의 대내외 환경에 중대한 변화 발생 시 정보보호 및 개인정보보호 관련 정책 및 시행문서에 미치는 영향을 검토하고 필요시 제·개정하고 있는가?', '정보보호 및 개인정보보호 관련 정책 및 시행문서의 제·개정 시 이해 관계자의 검토를 받고 있는가?', '정보보호 및 개인정보보호 관련 정책 및 시행문서의 제·개정 내역에 대하여 이력관리를 하고 있는가?'];['개인정보 보호법 제29조(안전조치의무)', '개인정보의 안전성 확보조치 기준 제4조(내부 관리계획의 수립·시행 및 점검)'];['정보보호 및 개인정보보호 정책 및 시행문서(지침, 절차, 가이드, 매뉴얼 등)', '정책·지침 정기·비정기 타당성 검토 결과', '정책·지침 관련 부서와의 검토 회의록, 회람내용', '정책·지침 제·개정 이력'];['사례 1 : 지침서와 절차서 간 패스워드 설정 규칙에 일관성이 없는 경우', '사례 2 : 정보보호 활동(정보보호 교육, 암호화, 백업 등)의 대상, 주기, 수준, 방법 등이 관련 내부 규정, 지침, 절차에 서로 다르게 명시되어 일관성이 없는 경우', '사례 3 : 데이터베이스에 대한 접근 및 작업이력을 효과적으로 기록 및 관리하기 위하여 데이터베이스 접근통제 솔루션을 신규로 도입하여 운영하고 있으나, 보안시스템 보안 관리지침 및 데이터베이스 보안 관리지침 등 내부 보안지침에 접근통제, 작업이력, 로깅, 검토 등에 관한 사항이 반영되어 있지 않은 경우', '사례 4 : 개인정보보호 정책이 개정되었으나 정책 시행 기준일이 명시되어 있지 않으며, 관련 정책의 작성일, 작성자 및 승인자 등이 누락되어 있는 경우', '사례 5 : 개인정보 보호 관련 법령, 고시 등에 중대한 변경사항이 발생하였으나, 이러한 변경이 개인정보보호 정책 및 시행문서에 미치는 영향을 검토하지 않았거나 변경사항을 반영하여 개정하지 않은 경우'];MANUAL;Manual check;manual_check;Manual check;manual;False;KISA-ISMS-P;KISA ISMS compliance framework 2023 (Korean)
aws;ISMS-P 인증은 한국인터넷진흥원(KISA)이 제정한 정보보호 및 개인정보보호 관리체계를 기반으로, 독립적인 심사기관이 기업이나 조직의 보안 및 개인정보 보호 활동이 인증 기준을 충족하는지 평가한 후 인증을 부여하는 제도입니다. 이를 통해 기업과 기관은 제공하는 서비스에 대한 대중의 신뢰를 높이고, 점점 복잡해지는 사이버 위협에 효과적으로 대응할 수 있습니다. 또한, ISMS-P는 정보보호와 개인정보 보호를 체계적으로 수립하고 운영할 수 있는 포괄적인 지침을 제공합니다.;;;2026-07-10 20:19:58.778743;2.1.2;조직의 유지관리;조직의 각 구성원에게 정보보호와 개인정보보호 관련 역할 및 책임을 할당하고, 그 활동을 평가할 수 있는 체계와 조직 및 조직의 구성원 간 상호 의사소통할 수 있는 체계를 수립하여 운영하여야 한다.;2. 보호대책 요구사항;2.1 정책, 조직, 자산 관리;2.1.2 조직의 유지관리;['정보보호 및 개인정보보호 관련 책임자와 담당자의 역할 및 책임을 명확히 정의하고 있는가?', '정보보호 및 개인정보보호 관련 책임자와 담당자의 활동을 평가할 수 있는 체계를 수립하고 있는가?', '정보보호 및 개인정보보호 관련 조직 및 조직의 구성원 간 상호 의사소통할 수 있는 체계 및 절차를 수립·이행하고 있는가?'];['개인정보 보호법 제29조(안전조치의무), 제31조(개인정보 보호책임자의 지정)', '정보통신망법 제45조의3(정보보호 최고책임자의 지정 등)', '개인정보의 안전성 확보조치 기준 제4조(내부 관리계획의 수립·시행 및 점검)'];['정보보호 및 개인정보보호 조직도', '정보보호 및 개인정보보호 조직 직무기술서', '정보보호 및 개인정보보호 업무 분장표', '정보보호 및 개인정보보호 정책·지침, 내부 관리계획', '정보보호 및 개인정보보호 의사소통 관리계획', '의사소통 수행 이력(월간보고, 주간보고, 내부공지 등)', '의사소통 채널(정보보호포털, 게시판 등)'];['사례 1 : 내부 지침 및 직무기술서에 정보보호 최고책임자, 개인정보 보호책임자 및 관련 담당자의 역할과 책임을 정의하고 있으나, 실제 운영현황과 일치하지 않는 경우', '사례 2 : 정보보호 최고책임자 및 관련 담당자의 활동을 주기적으로 평가할 수 있는 목표, 기준, 지표 등의 체계가 마련되어 있지 않은 경우', '사례 3 : 내부 지침에는 부서별 정보보호 담당자는 정보보호와 관련된 KPI를 설정하여 인사평가 시 반영하도록 되어 있으나, 부서별 정보보호 담당자의 KPI에 정보보호와 관련된 사항이 전혀 반영되어 있지 않은 경우', '사례 4 : 정보보호 최고책임자 및 개인정보 보호책임자가 지정되어 있으나, 관련 법령에서 요구하는 역할 및 책임이 내부 지침이나 직무기술서 등에 구체적으로 명시되어 있지 않은 경우'];MANUAL;Manual check;manual_check;Manual check;manual;False;KISA-ISMS-P;KISA ISMS compliance framework 2023 (Korean)
aws;ISMS-P 인증은 한국인터넷진흥원(KISA)이 제정한 정보보호 및 개인정보보호 관리체계를 기반으로, 독립적인 심사기관이 기업이나 조직의 보안 및 개인정보 보호 활동이 인증 기준을 충족하는지 평가한 후 인증을 부여하는 제도입니다. 이를 통해 기업과 기관은 제공하는 서비스에 대한 대중의 신뢰를 높이고, 점점 복잡해지는 사이버 위협에 효과적으로 대응할 수 있습니다. 또한, ISMS-P는 정보보호와 개인정보 보호를 체계적으로 수립하고 운영할 수 있는 포괄적인 지침을 제공합니다.;;;2026-07-10 20:19:58.778743;2.2.1;주요 직무자 지정 및 관리;개인정보 및 중요정보의 취급이나 주요 시스템 접근 등 주요 직무의 기준과 관리방안을 수립하고, 주요 직무자를 최소한으로 지정하여 그 목록을 최신으로 관리하여야 한다.;2. 보호대책 요구사항;2.2 인적 보안;2.2.1 주요 직무자 지정 및 관리;['개인정보 및 중요정보의 취급, 주요 시스템 접근 등 주요 직무의 기준을 명확히 정의하고 있는가?', '주요 직무를 수행하는 임직원 및 외부자를 주요 직무자로 지정하고 그 목록을 최신으로 관리하고 있는가?', '업무상 개인정보를 취급하는 자를 개인정보취급자로 지정하고 목록을 최신으로 관리하고 있는가?', '업무 필요성에 따라 주요 직무자 및 개인정보취급자 지정을 최소화하는 등 관리방안을 수립·이행하고 있는가?'];['개인정보 보호법 제28조(개인정보취급자에 대한 감독), 제29조(안전조치의무)', '개인정보의 안전성 확보조치 기준 제4조(내부 관리계획의 수립·시행 및 점검)'];['주요 직무 기준', '주요직무자 목록', '개인정보취급자 목록', '중요 정보시스템 및 개인정보처리시스템 계정 및 권한 관리 대장', '주요 직무자에 대한 관리 현황(교육 결과, 보안서약서 등)'];['사례 1 : 주요 직무자 명단(개인정보취급자 명단, 비밀정보관리자 명단 등)을 작성하고 있으나, 대량의 개인정보 등 중요정보를 취급하는 일부 임직원(DBA, DLP 관리자 등)을 명단에 누락한 경우', '사례 2 : 주요 직무자 및 개인정보취급자 목록을 관리하고 있으나, 퇴사한 임직원이 포함되어 있고 최근 신규 입사한 인력이 포함되어 있지 않는 등 현행화 관리가 되어 있지 않은 경우', '사례 3 : 부서 단위로 개인정보취급자 권한을 일괄 부여하고 있어 실제 개인정보를 취급할 필요가 없는 인원까지 과다하게 개인정보취급자로 지정된 경우', '사례 4 : 내부 지침에는 주요 직무자 권한 부여 시에는 보안팀의 승인을 받고 주요 직무에 따른 보안서약서를 작성하도록 하고 있으나, 보안팀 승인 및 보안서약서 작성 없이 등록된 주요 직무자가 다수 존재하는 경우'];MANUAL;Manual check;manual_check;Manual check;manual;False;KISA-ISMS-P;KISA ISMS compliance framework 2023 (Korean)
aws;ISMS-P 인증은 한국인터넷진흥원(KISA)이 제정한 정보보호 및 개인정보보호 관리체계를 기반으로, 독립적인 심사기관이 기업이나 조직의 보안 및 개인정보 보호 활동이 인증 기준을 충족하는지 평가한 후 인증을 부여하는 제도입니다. 이를 통해 기업과 기관은 제공하는 서비스에 대한 대중의 신뢰를 높이고, 점점 복잡해지는 사이버 위협에 효과적으로 대응할 수 있습니다. 또한, ISMS-P는 정보보호와 개인정보 보호를 체계적으로 수립하고 운영할 수 있는 포괄적인 지침을 제공합니다.;;;2026-07-10 20:19:58.778743;2.2.2;직무 분리;권한 오·남용 등으로 인한 잠재적인 피해 예방을 위하여 직무 분리 기준을 수립하고 적용하여야 한다. 다만 불가피하게 직무 분리가 어려운 경우 별도의 보완대책을 마련하여 이행하여야 한다.;2. 보호대책 요구사항;2.2 인적 보안;2.2.2 직무 분리;['권한 오·남용 등으로 인한 잠재적인 피해 예방을 위하여 직무 분리 기준을 수립하여 적용하고 있는가?', '직무 분리가 어려운 경우 직무자 간 상호 검토, 상위관리자 정기 모니터링 및 변경사항 승인, 책임추적성 확보 방안 등의 보완통제를 마련하고 있는가?'];[];['직무 분리 관련 지침(인적 보안 지침 등)', '직무기술서(시스템 운영·관리, 개발·운영 등)', '직무 미분리 시 보완통제 현황'];['사례 1 : 조직의 규모와 인원이 담당자별 직무 분리가 충분히 가능한 조직임에도 업무 편의성만을 사유로 내부 규정으로 정한 직무 분리 기준을 준수하고 있지 않은 경우', '사례 2 : 조직의 특성상 경영진의 승인을 받은 후 개발과 운영 직무를 병행하고 있으나, 직무자 간 상호 검토, 상위관리자의 주기적인 직무수행 모니터링 및 변경 사항 검토·승인, 직무자의 책임추적성 확보 등의 보완통제 절차가 마련되어 있지 않은 경우'];MANUAL;Manual check;manual_check;Manual check;manual;False;KISA-ISMS-P;KISA ISMS compliance framework 2023 (Korean)
aws;ISMS-P 인증은 한국인터넷진흥원(KISA)이 제정한 정보보호 및 개인정보보호 관리체계를 기반으로, 독립적인 심사기관이 기업이나 조직의 보안 및 개인정보 보호 활동이 인증 기준을 충족하는지 평가한 후 인증을 부여하는 제도입니다. 이를 통해 기업과 기관은 제공하는 서비스에 대한 대중의 신뢰를 높이고, 점점 복잡해지는 사이버 위협에 효과적으로 대응할 수 있습니다. 또한, ISMS-P는 정보보호와 개인정보 보호를 체계적으로 수립하고 운영할 수 있는 포괄적인 지침을 제공합니다.;;;2026-07-10 20:19:58.778743;2.2.3;보안 서약;정보자산을 취급하거나 접근권한이 부여된 임직원·임시직원·외부자 등이 내부 정책 및 관련 법규, 비밀유지 의무 등 준수사항을 명확히 인지할 수 있도록 업무 특성에 따른 정보보호 서약을 받아야 한다.;2. 보호대책 요구사항;2.2 인적 보안;2.2.3 보안 서약;['신규 인력 채용 시 정보보호 및 개인정보보호 책임이 명시된 정보보호 및 개인정보보호 서약서를 받고 있는가?', '임시직원, 외주용역직원 등 외부자에게 정보자산에 대한 접근권한을 부여할 경우 정보보호 및 개인정보보호에 대한 책임, 비밀유지 의무 등이 명시된 서약서를 받고 있는가?', '임직원 퇴직 시 별도의 비밀유지에 관련한 서약서를 받고 있는가?', '정보보호, 개인정보보호 및 비밀유지 서약서는 안전하게 보관하고 필요시 쉽게 찾아볼 수 있도록 관리하고 있는가?'];[];['정보보호 및 개인정보보호 서약서(임직원, 외부인력)', '비밀유지서약서(퇴직자)'];['사례 1 : 신규 입사자에 대해서는 입사 절차상에 보안서약서를 받도록 규정하고 있으나, 최근에 입사한 일부 직원의 보안서약서 작성이 누락된 경우', '사례 2 : 임직원에 대해서는 보안서약서를 받고 있으나, 정보처리시스템에 직접 접속이 가능한 외주 인력에 대해서는 보안서약서를 받지 않은 경우', '사례 3 : 제출된 정보보호 및 개인정보보호 서약서를 모아 놓은 문서철이 비인가자가 접근 가능한 상태로 사무실 책상에 방치되어 있는 등 관리가 미흡한 경우', '사례 4 : 개인정보취급자에 대하여 보안서약서만 받고 있으나, 보안서약서 내에 비밀유지에 대한 내용만 있고 개인정보보호에 관한 책임 및 내용이 포함되어 있지 않은 경우'];MANUAL;Manual check;manual_check;Manual check;manual;False;KISA-ISMS-P;KISA ISMS compliance framework 2023 (Korean)
aws;ISMS-P 인증은 한국인터넷진흥원(KISA)이 제정한 정보보호 및 개인정보보호 관리체계를 기반으로, 독립적인 심사기관이 기업이나 조직의 보안 및 개인정보 보호 활동이 인증 기준을 충족하는지 평가한 후 인증을 부여하는 제도입니다. 이를 통해 기업과 기관은 제공하는 서비스에 대한 대중의 신뢰를 높이고, 점점 복잡해지는 사이버 위협에 효과적으로 대응할 수 있습니다. 또한, ISMS-P는 정보보호와 개인정보 보호를 체계적으로 수립하고 운영할 수 있는 포괄적인 지침을 제공합니다.;;;2026-07-10 20:19:58.778743;2.2.4;인식제고 및 교육훈련;임직원 및 관련 외부자가 조직의 관리체계와 정책을 이해하고 직무별 전문성을 확보할 수 있도록 연간 인식제고 활동 및 교육훈련 계획을 수립·운영하고, 그 결과에 따른 효과성을 평가하여 다음 계획에 반영하여야 한다.;2. 보호대책 요구사항;2.2 인적 보안;2.2.4 인식제고 및 교육훈련;['정보보호 및 개인정보보호 교육의 시기, 기간, 대상, 내용, 방법 등의 내용이 포함된 연간 교육 계획을 수립하고 경영진의 승인을 받고 있는가?', '관리체계 범위 내 모든 임직원과 외부자를 대상으로 연간 교육 계획에 따라 연 1회 이상 정기적으로 교육을 수행하고, 관련 법규 및 규정의 중대한 변경 시 이에 대한 추가교육을 수행하고 있는가?', '임직원 채용 및 외부자 신규 계약 시 업무 시작 전에 정보보호 및 개인정보보호 교육을 시행하고 있는가?', 'IT 및 정보보호, 개인정보보호 조직 내 임직원은 정보보호 및 개인정보보호와 관련하여 직무별 전문성 제고를 위한 별도의 교육을 받고 있는가?', '교육시행에 대한 기록을 남기고 교육 효과와 적정성을 평가하여 다음 교육 계획에 반영하고 있는가?'];['개인정보 보호법 제26조(업무위탁에 따른 개인정보의 처리 제한), 제28조(개인정보 취급자에 대한 감독), 제29조(안전조치의무)', '개인정보의 안전성 확보조치 기준 제4조(내부 관리계획의 수립·시행 및 점검)'];['정보보호 및 개인정보보호 교육 계획서', '교육 결과보고서', '공통, 직무별 교육자료', '교육참석자 목록'];['사례 1 : 전년도에는 연간 정보보호 및 개인정보보호 교육 계획을 수립하여 이행하였으나, 당해 연도에 타당한 사유 없이 연간 정보보호 및 개인정보보호 교육 계획을 수립하지 않은 경우', '사례 2 : 연간 정보보호 및 개인정보보호 교육 계획에 교육 주기와 대상은 명시하고 있으나, 시행 일정, 내용 및 방법 등의 내용이 포함되어 있지 않은 경우', '사례 3 : 연간 정보보호 및 개인정보보호 교육 계획에 전 직원을 대상으로 하는 개인정보보호 인식 교육은 일정시간 계획되어 있으나, 개인정보 보호책임자 및 개인정보담당자 등 직무별로 필요한 개인정보보호 관련 교육 계획이 포함되어 있지 않은 경우', '사례 4 : 정보보호 및 개인정보보호 교육 계획서 및 결과 보고서를 확인한 결과, 인증범위 내의 정보자산 및 설비에 접근하는 외주용역업체 직원(전산실 출입 청소원, 경비원, 외주개발자 등)을 교육 대상에서 누락한 경우', '사례 5 : 당해 연도 정보보호 및 개인정보보호 교육을 실시하였으나, 교육시행 및 평가에 관한 기록(교육 자료, 출석부, 평가 설문지, 결과보고서 등) 일부를 남기지 않고 있는 경우', '사례 6 : 정보보호 및 개인정보보호 교육 미이수자를 파악하지 않고 있거나, 해당 미이수자에 대한 추가교육 방법(전달교육, 추가교육, 온라인교육 등)을 수립·이행하고 있지 않은 경우'];MANUAL;Manual check;manual_check;Manual check;manual;False;KISA-ISMS-P;KISA ISMS compliance framework 2023 (Korean)
aws;ISMS-P 인증은 한국인터넷진흥원(KISA)이 제정한 정보보호 및 개인정보보호 관리체계를 기반으로, 독립적인 심사기관이 기업이나 조직의 보안 및 개인정보 보호 활동이 인증 기준을 충족하는지 평가한 후 인증을 부여하는 제도입니다. 이를 통해 기업과 기관은 제공하는 서비스에 대한 대중의 신뢰를 높이고, 점점 복잡해지는 사이버 위협에 효과적으로 대응할 수 있습니다. 또한, ISMS-P는 정보보호와 개인정보 보호를 체계적으로 수립하고 운영할 수 있는 포괄적인 지침을 제공합니다.;;;2026-07-10 20:19:58.778743;2.2.5;퇴직 및 직무변경 관리;퇴직 및 직무변경 시 인사·정보보호·개인정보보호·IT 등 관련 부서별 이행하여야 할 자산반납, 계정 및 접근권한 회수·조정, 결과확인 등의 절차를 수립·관리하여야 한다.;2. 보호대책 요구사항;2.2 인적 보안;2.2.5 퇴직 및 직무변경 관리;['퇴직, 직무변경, 부서이동, 휴직 등으로 인한 인사변경 내용이 인사부서, 정보보호 및 개인정보보호 부서, 정보시스템 및 개인정보처리시스템 운영부서 간 공유되고 있는가?', '조직 내 인력(임직원, 임시직원, 외주용역직원 등)의 퇴직 또는 직무변경 시 지체 없는 정보자산 반납, 접근권한 회수·조정, 결과 확인 등의 절차를 수립·이행하고 있는가?'];['개인정보 보호법 제29조(안전조치의무)', '개인정보의 안전성 확보조치 기준 제5조(접근 권한의 관리)'];['퇴직 및 직무변경 절차서', '퇴직 시 자산(계정) 반납관리대장', '퇴직자 보안점검 체크리스트 및 점검 내역'];['사례 1 : 직무 변동에 따라 개인정보취급자에서 제외된 인력의 계정과 권한이 개인정보처리시스템에 그대로 남아 있는 경우', '사례 2 : 최근에 퇴직한 주요직무자 및 개인정보취급자에 대하여 자산반납, 권한 회수 등의 퇴직절차 이행 기록이 확인되지 않은 경우', '사례 3 : 임직원 퇴직 시 자산반납 관리는 잘 이행하고 있으나, 인사규정에서 정한 퇴직자 보안점검 및 퇴직확인서를 작성하지 않은 경우', '사례 4 : 개인정보취급자 퇴직 시 개인정보처리시스템의 접근 권한은 지체 없이 회수되었지만, 출입통제 시스템 및 VPN 등 일부 시스템의 접근 권한이 회수되지 않은 경우'];MANUAL;Manual check;manual_check;Manual check;manual;False;KISA-ISMS-P;KISA ISMS compliance framework 2023 (Korean)
aws;ISMS-P 인증은 한국인터넷진흥원(KISA)이 제정한 정보보호 및 개인정보보호 관리체계를 기반으로, 독립적인 심사기관이 기업이나 조직의 보안 및 개인정보 보호 활동이 인증 기준을 충족하는지 평가한 후 인증을 부여하는 제도입니다. 이를 통해 기업과 기관은 제공하는 서비스에 대한 대중의 신뢰를 높이고, 점점 복잡해지는 사이버 위협에 효과적으로 대응할 수 있습니다. 또한, ISMS-P는 정보보호와 개인정보 보호를 체계적으로 수립하고 운영할 수 있는 포괄적인 지침을 제공합니다.;;;2026-07-10 20:19:58.778743;2.2.6;보안 위반 시 조치;임직원 및 관련 외부자가 법령, 규제 및 내부정책을 위반한 경우 이에 따른 조치 절차를 수립·이행하여야 한다.;2. 보호대책 요구사항;2.2 인적 보안;2.2.6 보안 위반 시 조치;['임직원 및 관련 외부자가 법령과 규제 및 내부정책에 따른 정보보호 및 개인정보보호 책임과 의무를 위반한 경우에 대한 처벌 규정을 수립하고 있는가?', '정보보호 및 개인정보 보호 위반 사항이 적발된 경우 내부 절차에 따른 조치를 수행하고 있는가?'];[];['인사 규정(정보보호 및 개인정보보호 관련 규정 위반에 따른 처벌규정)', '정보보호 및 개인정보보호 지침 위반자 징계 내역', '사고 사례(전사 공지, 교육 내용)'];['사례 1 : 정보보호 및 개인정보보호 규정 위반자에 대한 처리 기준 및 절차가 내부 규정에 전혀 포함되어 있지 않은 경우', '사례 2 : 보안시스템(DLP, 데이터베이스 접근제어시스템, 내부정보유출통제시스템 등)을 통하여 정책 위반이 탐지된 관련자에게 경고 메시지를 전달하고 있으나, 이에 대한 소명 및 추가 조사, 징계 처분 등 내부 규정에 따른 후속 조치가 이행되고 있지 않은 경우'];MANUAL;Manual check;manual_check;Manual check;manual;False;KISA-ISMS-P;KISA ISMS compliance framework 2023 (Korean)
aws;ISMS-P 인증은 한국인터넷진흥원(KISA)이 제정한 정보보호 및 개인정보보호 관리체계를 기반으로, 독립적인 심사기관이 기업이나 조직의 보안 및 개인정보 보호 활동이 인증 기준을 충족하는지 평가한 후 인증을 부여하는 제도입니다. 이를 통해 기업과 기관은 제공하는 서비스에 대한 대중의 신뢰를 높이고, 점점 복잡해지는 사이버 위협에 효과적으로 대응할 수 있습니다. 또한, ISMS-P는 정보보호와 개인정보 보호를 체계적으로 수립하고 운영할 수 있는 포괄적인 지침을 제공합니다.;;;2026-07-10 20:19:58.778743;2.3.1;외부자 현황 관리;업무의 일부(개인정보취급, 정보보호, 정보시스템 운영 또는 개발 등)를 외부에 위탁하거나 외부의 시설 또는 서비스(집적정보통신시설, 클라우드 서비스, 애플리케이션 서비스 등)를 이용하는 경우 그 현황을 식별하고 법적 요구사항 및 외부 조직·서비스로부터 발생되는 위험을 파악하여 적절한 보호대책을 마련하여야 한다.;2. 보호대책 요구사항;2.3 외부자 보안;2.3.1 외부자 현황 관리;['관리체계 범위 내에서 발생하고 있는 업무 위탁 및 외부 시설·서비스의 이용 현황을 식별하고 있는가?', '업무 위탁 및 외부 시설·서비스의 이용에 따른 법적 요구사항과 위험을 파악하고 적절한 보호대책을 마련하고 있는가?'];['개인정보 보호법 제26조(업무위탁에 따른 개인정보의 처리 제한)', '정보통신망법 제50조의3(영리목적의 광고성 정보 전송의 위탁 등)'];['외부 위탁 및 외부 시설·서비스 현황', '외부 위탁 계약서', '위험분석 보고서 및 보호대책', '위탁 보안관리 지침, 체크리스트 등'];['사례 1 : 내부 규정에 따라 외부 위탁 및 외부 시설·서비스 현황을 목록으로 관리하고 있으나, 몇 개월 전에 변경된 위탁업체가 목록에 반영되어 있지 않은 등 현행화 관리가 미흡한 경우', '사례 2 : 관리체계 범위 내 일부 개인정보처리시스템을 외부 클라우드 서비스로 이전하였으나, 이에 대한 식별 및 위험평가가 수행되지 않은 경우'];MANUAL;Manual check;manual_check;Manual check;manual;False;KISA-ISMS-P;KISA ISMS compliance framework 2023 (Korean)
aws;ISMS-P 인증은 한국인터넷진흥원(KISA)이 제정한 정보보호 및 개인정보보호 관리체계를 기반으로, 독립적인 심사기관이 기업이나 조직의 보안 및 개인정보 보호 활동이 인증 기준을 충족하는지 평가한 후 인증을 부여하는 제도입니다. 이를 통해 기업과 기관은 제공하는 서비스에 대한 대중의 신뢰를 높이고, 점점 복잡해지는 사이버 위협에 효과적으로 대응할 수 있습니다. 또한, ISMS-P는 정보보호와 개인정보 보호를 체계적으로 수립하고 운영할 수 있는 포괄적인 지침을 제공합니다.;;;2026-07-10 20:19:58.778743;2.3.2;외부자 계약 시 보안;외부 서비스를 이용하거나 외부자에게 업무를 위탁하는 경우 이에 따른 정보보호 및 개인정보보호 요구사항을 식별하고, 관련 내용을 계약서 또는 협정서 등에 명시하여야 한다.;2. 보호대책 요구사항;2.3 외부자 보안;2.3.2 외부자 계약 시 보안;['중요정보 및 개인정보 처리와 관련된 외부 서비스 및 위탁 업체를 선정하는 경우 정보보호 및 개인정보 보호 역량을 고려하도록 절차를 마련하고 있는가?', '외부 서비스 이용 및 업무 위탁에 따른 정보보호 및 개인정보보호 요구사항을 식별하고 이를 계약서 또는 협정서에 명시하고 있는가?', '정보시스템 및 개인정보처리시스템 개발을 위탁하는 경우 개발 시 준수하여야 할 정보보호 및 개인정보보호 요구사항을 계약서에 명시하고 있는가?'];['개인정보 보호법 제26조(업무위탁에 따른 개인정보의 처리 제한)'];['위탁 계약서', '정보보호 및 개인정보보호 협약서(약정서, 부속합의서)', '위탁 관련 내부 지침', '위탁업체 선정 관련 RFP(제안요청서), 평가표'];['사례 1 : IT 운영, 개발 및 개인정보 처리업무를 위탁하는 외주용역업체에 대한 위탁계약서가 존재하지 않는 경우', '사례 2 : 개인정보 처리업무를 위탁하는 외부업체와의 위탁계약서상에 개인정보 보호법 등 법령에서 요구하는 일부 항목(관리·감독에 관한 사항 등)이 포함되어 있지 않은 경우', '사례 3 : 인프라 운영과 개인정보 처리업무 일부를 외부업체에 위탁하고 있으나, 계약서 등에는 위탁업무의 특성에 따른 보안 요구사항을 식별·반영하지 않고 비밀유지 및 손해배상에 관한 일반 사항만 규정하고 있는 경우'];MANUAL;Manual check;manual_check;Manual check;manual;False;KISA-ISMS-P;KISA ISMS compliance framework 2023 (Korean)
aws;ISMS-P 인증은 한국인터넷진흥원(KISA)이 제정한 정보보호 및 개인정보보호 관리체계를 기반으로, 독립적인 심사기관이 기업이나 조직의 보안 및 개인정보 보호 활동이 인증 기준을 충족하는지 평가한 후 인증을 부여하는 제도입니다. 이를 통해 기업과 기관은 제공하는 서비스에 대한 대중의 신뢰를 높이고, 점점 복잡해지는 사이버 위협에 효과적으로 대응할 수 있습니다. 또한, ISMS-P는 정보보호와 개인정보 보호를 체계적으로 수립하고 운영할 수 있는 포괄적인 지침을 제공합니다.;;;2026-07-10 20:19:58.778743;2.3.3;외부자 보안 이행 관리;계약서, 협정서, 내부정책에 명시된 정보보호 및 개인정보보호 요구사항에 따라 외부자의 보호대책 이행 여부를 주기적인 점검 또는 감사 등 관리·감독하여야 한다.;2. 보호대책 요구사항;2.3 외부자 보안;2.3.3 외부자 보안 이행 관리;['외부자가 계약서, 협정서, 내부정책에 명시된 정보보호 및 개인정보보호 요구사항을 준수하고 있는지 주기적으로 점검 또는 감사를 수행하고 있는가?', '외부자에 대한 점검 또는 감사 시 발견된 문제점에 대하여 개선계획을 수립·이행하고 있는가?', '개인정보 처리업무를 위탁받은 수탁자가 관련 업무를 제3자에게 재위탁하는 경우 위탁자의 동의를 받도록 하고 있는가?'];['개인정보 보호법 제26조(업무위탁에 따른 개인정보의 처리 제한)', '정보통신망법 제50조의3(영리목적의 광고성 정보 전송의 위탁 등)'];['외부자 및 수탁자 보안점검 결과', '외부자 및 수탁자 교육 내역(교육 결과, 참석자 명단, 교육교재 등)', '개인정보 위탁 계약서', '개인정보 처리업무 재위탁 시 위탁자 동의 증거자료'];['사례 1 : 회사 내에 상주하여 IT 개발 및 운영 업무를 수행하는 외주업체에 대해서는 정기적으로 보안점검을 수행하고 있지 않은 경우', '사례 2 : 개인정보 수탁자에 대하여 보안교육을 실시하라는 공문을 발송하고 있으나, 교육 수행 여부를 확인하고 있지 않은 경우', '사례 3 : 수탁자가 자체적으로 보안점검을 수행한 후 그 결과를 통지하도록 하고 있으나, 수탁자가 보안 점검을 충실히 수행하고 있는지 여부에 대하여 확인하는 절차가 존재하지 않아 보안점검 결과의 신뢰성이 매우 떨어지는 경우', '사례 4 : 개인정보 처리업무 수탁자 중 일부가 위탁자의 동의 없이 해당 업무를 제3자에게 재위탁한 경우', '사례 5 : 영리 목적의 광고성 정보전송 업무를 타인에게 위탁하면서 수탁자에 대한 관리·감독을 수행하지 않고 있는 경우'];MANUAL;Manual check;manual_check;Manual check;manual;False;KISA-ISMS-P;KISA ISMS compliance framework 2023 (Korean)
aws;ISMS-P 인증은 한국인터넷진흥원(KISA)이 제정한 정보보호 및 개인정보보호 관리체계를 기반으로, 독립적인 심사기관이 기업이나 조직의 보안 및 개인정보 보호 활동이 인증 기준을 충족하는지 평가한 후 인증을 부여하는 제도입니다. 이를 통해 기업과 기관은 제공하는 서비스에 대한 대중의 신뢰를 높이고, 점점 복잡해지는 사이버 위협에 효과적으로 대응할 수 있습니다. 또한, ISMS-P는 정보보호와 개인정보 보호를 체계적으로 수립하고 운영할 수 있는 포괄적인 지침을 제공합니다.;;;2026-07-10 20:19:58.778743;2.3.4;외부자 계약 변경 및 만료 시 보안;외부자 계약만료, 업무종료, 담당자 변경 시에는 제공한 정보자산 반납, 정보시스템 접근계정 삭제, 중요정보 파기, 업무 수행 중 취득정보의 비밀유지 확약서 징구 등의 보호대책을 이행하여야 한다.;2. 보호대책 요구사항;2.3 외부자 보안;2.3.4 외부자 계약 변경 및 만료 시 보안;['외부자 계약만료, 업무 종료, 담당자 변경 시 공식적인 절차에 따른 정보자산 반납, 정보시스템 접근계정 삭제, 비밀유지 확약서 징구 등이 이루어질 수 있도록 보안대책을 수립·이행하고 있는가?', '외부자 계약 만료 시 위탁 업무와 관련하여 외부자가 중요정보 및 개인정보를 보유하고 있는지 확인하고 이를 회수·파기할 수 있도록 절차를 수립·이행하고 있는가?'];['개인정보 보호법 제26조(업무위탁에 따른 개인정보의 처리 제한)', '정보통신망법 제50조의3(영리목적의 광고성 정보 전송의 위탁 등)'];['정보보호 및 개인정보보호 서약서', '비밀유지 확약서', '정보 및 개인정보 파기 확약서', '외부자 계약 종료와 관련된 내부 정책, 지침'];['사례 1 : 일부 정보시스템에서 계약 만료된 외부자의 계정 및 권한이 삭제되지 않고 존재하는 경우', '사례 2 : 외주용역사업 수행과정에서 일부 용역업체 담당자가 교체되거나 계약 만료로 퇴직하였으나, 관련 인력들에 대한 퇴사 시 보안서약서 등 내부 규정에 따른 조치가 이행되지 않은 경우', '사례 3 : 개인정보 처리 위탁한 업체와 계약 종료 이후 보유하고 있는 개인정보를 파기하였는지 여부를 확인·점검하지 않은 경우'];MANUAL;Manual check;manual_check;Manual check;manual;False;KISA-ISMS-P;KISA ISMS compliance framework 2023 (Korean)
aws;ISMS-P 인증은 한국인터넷진흥원(KISA)이 제정한 정보보호 및 개인정보보호 관리체계를 기반으로, 독립적인 심사기관이 기업이나 조직의 보안 및 개인정보 보호 활동이 인증 기준을 충족하는지 평가한 후 인증을 부여하는 제도입니다. 이를 통해 기업과 기관은 제공하는 서비스에 대한 대중의 신뢰를 높이고, 점점 복잡해지는 사이버 위협에 효과적으로 대응할 수 있습니다. 또한, ISMS-P는 정보보호와 개인정보 보호를 체계적으로 수립하고 운영할 수 있는 포괄적인 지침을 제공합니다.;;;2026-07-10 20:19:58.778743;2.4.1;보호구역 지정;물리적·환경적 위협으로부터 개인정보 및 중요정보, 문서, 저장매체, 주요 설비 및 시스템 등을 보호하기 위하여 통제구역·제한구역·접견구역 등 물리적 보호구역을 지정하고 구역별 보호대책을 수립·이행하여야 한다.;2. 보호대책 요구사항;2.4 물리 보안;2.4.1 보호구역 지정;['물리적·환경적 위협으로부터 개인정보 및 중요정보, 문서, 저장매체, 주요 설비 및 시스템 등을 보호하기 위하여 통제구역, 제한구역, 접견구역 등 물리적 보호구역 지정기준을 마련하고 있는가?', '물리적 보호구역 지정기준에 따라 보호구역을 지정하고 구역별 보호대책을 수립·이행하고 있는가?'];['개인정보 보호법 제29조(안전조치의무)', '개인정보의 안전성 확보조치 기준 제10조(물리적 안전조치)'];['물리적 보안 지침(보호구역 지정 기준)', '보호구역 지정 현황', '보호구역 표시', '보호구역별 보호대책 현황'];['사례 1 : 내부 물리보안 지침에는 개인정보 보관시설 및 시스템 구역을 통제구역으로 지정한다고 명시되어 있으나, 멤버십 가입신청 서류가 보관되어 있는 문서고 등 일부 대상 구역이 통제구역에서 누락된 경우', '사례 2 : 내부 물리보안 지침에 통제구역에 대해서는 지정된 양식의 통제구역 표지판을 설치하도록 명시하고 있으나, 일부 통제구역에 표시판을 설치하지 않은 경우'];MANUAL;Manual check;manual_check;Manual check;manual;False;KISA-ISMS-P;KISA ISMS compliance framework 2023 (Korean)
aws;ISMS-P 인증은 한국인터넷진흥원(KISA)이 제정한 정보보호 및 개인정보보호 관리체계를 기반으로, 독립적인 심사기관이 기업이나 조직의 보안 및 개인정보 보호 활동이 인증 기준을 충족하는지 평가한 후 인증을 부여하는 제도입니다. 이를 통해 기업과 기관은 제공하는 서비스에 대한 대중의 신뢰를 높이고, 점점 복잡해지는 사이버 위협에 효과적으로 대응할 수 있습니다. 또한, ISMS-P는 정보보호와 개인정보 보호를 체계적으로 수립하고 운영할 수 있는 포괄적인 지침을 제공합니다.;;;2026-07-10 20:19:58.778743;2.4.2;출입통제;보호구역은 인가된 사람만이 출입하도록 통제하고 책임추적성을 확보할 수 있도록 출입 및 접근 이력을 주기적으로 검토하여야 한다.;2. 보호대책 요구사항;2.4 물리 보안;2.4.2 출입통제;['보호구역은 출입절차에 따라 출입이 허가된 자만 출입하도록 통제하고 있는가?', '각 보호구역에 대한 내·외부자 출입기록을 일정기간 보존하고 출입기록 및 출입권한을 주기적으로 검토하고 있는가?'];['개인정보 보호법 제29조(안전조치의무)', '개인정보의 안전성 확보조치 기준 제10조(물리적 안전조치)'];['출입 관리대장 및 출입로그', '출입 등록 신청서 및 승인 내역', '출입기록 검토서', '출입통제시스템 관리화면(출입자 등록 현황 등)'];['사례 1 : 통제구역을 정의하여 보호대책을 수립하고 출입 가능한 임직원을 관리하고 있으나, 출입기록을 주기적으로 검토하지 않아 퇴직, 전배 등에 따른 장기 미출입자가 다수 존재하고 있는 경우', '사례 2 : 전산실, 문서고 등 통제구역에 출입통제 장치가 설치되어 있으나, 타당한 사유 또는 승인 없이 장시간 개방 상태로 유지하고 있는 경우', '사례 3 : 일부 외부 협력업체 직원에게 과도하게 전 구역을 상시 출입할 수 있는 출입카드를 부여하고 있는 경우'];MANUAL;Manual check;manual_check;Manual check;manual;False;KISA-ISMS-P;KISA ISMS compliance framework 2023 (Korean)
aws;ISMS-P 인증은 한국인터넷진흥원(KISA)이 제정한 정보보호 및 개인정보보호 관리체계를 기반으로, 독립적인 심사기관이 기업이나 조직의 보안 및 개인정보 보호 활동이 인증 기준을 충족하는지 평가한 후 인증을 부여하는 제도입니다. 이를 통해 기업과 기관은 제공하는 서비스에 대한 대중의 신뢰를 높이고, 점점 복잡해지는 사이버 위협에 효과적으로 대응할 수 있습니다. 또한, ISMS-P는 정보보호와 개인정보 보호를 체계적으로 수립하고 운영할 수 있는 포괄적인 지침을 제공합니다.;;;2026-07-10 20:19:58.778743;2.4.3;정보시스템 보호;정보시스템은 환경적 위협과 유해요소, 비인가 접근 가능성을 감소시킬 수 있도록 중요도와 특성을 고려하여 배치하고, 통신 및 전력 케이블이 손상을 입지 않도록 보호하여야 한다.;2. 보호대책 요구사항;2.4 물리 보안;2.4.3 정보시스템 보호;['정보시스템의 중요도, 용도, 특성 등을 고려하여 배치 장소를 분리하고 있는가?', '정보시스템의 실제 물리적 위치를 손쉽게 확인할 수 있는 방안을 마련하고 있는가?', '전력 및 통신케이블을 외부로부터의 물리적 손상 및 전기적 영향으로부터 안전하게 보호하고 있는가?'];[];['정보처리시설 도면', '정보시스템 배치도', '자산목록'];['사례 1 : 시스템 배치도가 최신 변경사항을 반영하여 업데이트되지 않아 장애가 발생된 정보시스템을 신속하게 확인할 수 없는 경우', '사례 2 : 서버실 바닥 또는 랙에 많은 케이블이 정리되지 않고 뒤엉켜 있어 전기적으로 간섭, 손상, 누수, 부주의 등에 의한 장애 발생이 우려되는 경우'];MANUAL;Manual check;manual_check;Manual check;manual;False;KISA-ISMS-P;KISA ISMS compliance framework 2023 (Korean)
aws;ISMS-P 인증은 한국인터넷진흥원(KISA)이 제정한 정보보호 및 개인정보보호 관리체계를 기반으로, 독립적인 심사기관이 기업이나 조직의 보안 및 개인정보 보호 활동이 인증 기준을 충족하는지 평가한 후 인증을 부여하는 제도입니다. 이를 통해 기업과 기관은 제공하는 서비스에 대한 대중의 신뢰를 높이고, 점점 복잡해지는 사이버 위협에 효과적으로 대응할 수 있습니다. 또한, ISMS-P는 정보보호와 개인정보 보호를 체계적으로 수립하고 운영할 수 있는 포괄적인 지침을 제공합니다.;;;2026-07-10 20:19:58.778743;2.4.4;보호설비 운영;보호구역에 위치한 정보시스템의 중요도 및 특성에 따라 온·습도 조절, 화재감지, 소화설비, 누수감지, UPS, 비상발전기, 이중전원선 등의 보호설비를 갖추고 운영절차를 수립·운영하여야 한다.;2. 보호대책 요구사항;2.4 물리 보안;2.4.4 보호설비 운영;['각 보호구역의 중요도 및 특성에 따라 화재, 수해, 전력 이상 등 인재 및 자연재해 등에 대비하여 필요한 설비를 갖추고 운영절차를 수립하여 운영하고 있는가?', '외부 집적정보통신시설(IDC)에 위탁 운영하는 경우 물리적 보호에 필요한 요구사항을 계약서에 반영하고 운영상태를 주기적으로 검토하고 있는가?'];['정보통신망법 제46조(집적된 정보통신시설의 보호)', '집적정보 통신시설 보호지침', '소방시설 설치 및 관리에 관한 법률(소방시설법) 제12조(특정소방대상물에 설치하는 소방시설의 관리 등), 제16조(피난시설, 방화구역 및 방화시설의 관리)'];['물리적 보안 지침(보호설비 관련)', '전산실 설비 현황 및 점검표', 'IDC 위탁운영 계약서, SLA 등'];['사례 1 : 본사 전산실 등 일부 보호구역에 내부 지침에 정한 보호설비를 갖추고 있지 않은 경우', '사례 2 : 전산실 내에 UPS, 소화설비 등의 보호설비는 갖추고 있으나, 관련 설비에 대한 운영 및 점검 기준을 수립하고 있지 않은 경우', '사례 3 : 운영지침에 따라 전산실 내에 온·습도 조절기를 설치하였으나, 용량 부족으로 인하여 표준 온·습도를 유지하지 못하여 장애발생 가능성이 높은 경우'];MANUAL;Manual check;manual_check;Manual check;manual;False;KISA-ISMS-P;KISA ISMS compliance framework 2023 (Korean)
aws;ISMS-P 인증은 한국인터넷진흥원(KISA)이 제정한 정보보호 및 개인정보보호 관리체계를 기반으로, 독립적인 심사기관이 기업이나 조직의 보안 및 개인정보 보호 활동이 인증 기준을 충족하는지 평가한 후 인증을 부여하는 제도입니다. 이를 통해 기업과 기관은 제공하는 서비스에 대한 대중의 신뢰를 높이고, 점점 복잡해지는 사이버 위협에 효과적으로 대응할 수 있습니다. 또한, ISMS-P는 정보보호와 개인정보 보호를 체계적으로 수립하고 운영할 수 있는 포괄적인 지침을 제공합니다.;;;2026-07-10 20:19:58.778743;2.4.5 ;보호구역 내 작업;보호구역 내에서의 비인가행위 및 권한 오·남용 등을 방지하기 위한 작업 절차를 수립·이행하고, 작업 기록을 주기적으로 검토하여야 한다.;2. 보호대책 요구사항;2.4 물리 보안;2.4.5 보호구역 내 작업;['정보시스템 도입, 유지보수 등으로 보호구역 내 작업이 필요한 경우에 대한 공식적인 작업신청 및 수행 절차를 수립·이행하고 있는가?', '보호구역 내 작업이 통제 절차에 따라 적절히 수행되었는지 여부를 확인하기 위하여 작업 기록을 주기적으로 검토하고 있는가?'];[];['작업 신청서, 작업 일지', '통제구역 출입 대장', '통제구역에 대한 출입기록 및 작업 기록 검토 내역'];['사례 1 : 전산실 출입로그에는 외부 유지보수 업체 직원의 출입기록이 남아 있으나, 이에 대한 보호구역 작업 신청 및 승인 내역이 존재하지 않은 경우(내부 규정에 따른 보호구역 작업 신청 없이 보호구역 출입 및 작업이 이루어지고 있는 경우)', '사례 2 : 내부 규정에는 보호구역 내 작업 기록에 대하여 분기별 1회 이상 점검하도록 되어 있으나, 특별한 사유 없이 장기간 동안 보호구역 내 작업 기록에 대한 점검이 이루어지고 있지 않은 경우'];MANUAL;Manual check;manual_check;Manual check;manual;False;KISA-ISMS-P;KISA ISMS compliance framework 2023 (Korean)
aws;ISMS-P 인증은 한국인터넷진흥원(KISA)이 제정한 정보보호 및 개인정보보호 관리체계를 기반으로, 독립적인 심사기관이 기업이나 조직의 보안 및 개인정보 보호 활동이 인증 기준을 충족하는지 평가한 후 인증을 부여하는 제도입니다. 이를 통해 기업과 기관은 제공하는 서비스에 대한 대중의 신뢰를 높이고, 점점 복잡해지는 사이버 위협에 효과적으로 대응할 수 있습니다. 또한, ISMS-P는 정보보호와 개인정보 보호를 체계적으로 수립하고 운영할 수 있는 포괄적인 지침을 제공합니다.;;;2026-07-10 20:19:58.778743;2.4.6;반출입 기기 통제;보호구역 내 정보시스템, 모바일 기기, 저장매체 등에 대한 반출입 통제절차를 수립·이행하고 주기적으로 검토하여야 한다.;2. 보호대책 요구사항;2.4 물리 보안;2.4.6 반출입 기기 통제;['정보시스템, 모바일 기기, 저장매체 등을 보호구역에 반입하거나 반출하는 경우 정보유출, 악성코드 감염 등 보안사고 예방을 위한 통제 절차를 수립·이행하고 있는가?', '반출입 통제절차에 따른 기록을 유지·관리하고, 절차 준수 여부를 확인할 수 있도록 반출입 이력을 주기적으로 점검하고 있는가?'];['개인정보 보호법 제29조(안전조치의무)', '개인정보의 안전성 확보조치 기준 제10조(물리적 안전조치)'];['보호구역 내 반출입 신청서', '반출입 관리대장', '반출입 이력 검토 결과'];['사례 1 : 이동컴퓨팅기기 반출입에 대한 통제 절차를 수립하고 있으나, 통제구역 내 이동컴퓨팅기기 반입에 대한 통제를 하고 있지 않아 출입이 허용된 내·외부인이 이동컴퓨팅기기를 제약 없이 사용하고 있는 경우', '사례 2 : 내부 지침에 따라 전산장비 반출입이 있는 경우 작업계획서에 반출입 내용을 기재하고 관리 책임자의 서명을 받도록 되어 있으나, 작업계획서의 반출입 기록에 관리책임자의 서명이 다수 누락되어 있는 경우'];MANUAL;Manual check;manual_check;Manual check;manual;False;KISA-ISMS-P;KISA ISMS compliance framework 2023 (Korean)
aws;ISMS-P 인증은 한국인터넷진흥원(KISA)이 제정한 정보보호 및 개인정보보호 관리체계를 기반으로, 독립적인 심사기관이 기업이나 조직의 보안 및 개인정보 보호 활동이 인증 기준을 충족하는지 평가한 후 인증을 부여하는 제도입니다. 이를 통해 기업과 기관은 제공하는 서비스에 대한 대중의 신뢰를 높이고, 점점 복잡해지는 사이버 위협에 효과적으로 대응할 수 있습니다. 또한, ISMS-P는 정보보호와 개인정보 보호를 체계적으로 수립하고 운영할 수 있는 포괄적인 지침을 제공합니다.;;;2026-07-10 20:19:58.778743;2.4.7;업무환경 보안;공용으로 사용하는 사무용 기기(문서고, 공용 PC, 복합기, 파일서버 등) 및 개인 업무환경(업무용 PC, 책상 등)을 통하여 개인정보 및 중요정보가 비인가자에게 노출 또는 유출되지 않도록 클린데스크, 정기점검 등 업무환경 보호대책을 수립·이행하여야 한다.;2. 보호대책 요구사항;2.4 물리 보안;2.4.7 업무환경 보안;['문서고, 공용 PC, 복합기, 파일서버 등 공용으로 사용하는 시설 및 사무용 기기에 대한 보호대책을 수립·이행하고 있는가?', '업무용 PC, 책상, 서랍 등 개인업무 환경을 통한 개인정보 및 중요정보의 유·노출을 방지하기 위한 보호대책을 수립·이행하고 있는가?', '개인정보가 포함된 종이 인쇄물 등 개인정보의 출력·복사물을 안전하게 관리하기 위해 필요한 보호조치를 하고 있는가?', '개인 및 공용업무 환경에서의 정보보호 준수 여부를 주기적으로 검토하고 있는가?'];['개인정보 보호법 제29조(안전조치의무)', '개인정보의 안전성 확보조치 기준 제10조(물리적 안전조치), 제12조(출력·복사시 안전조치)'];['사무실 및 공용공간 보안점검 보고서', '사무실 및 공용공간 보안점검표', '미준수자에 대한 조치 사항(교육, 상벌 등)', '출력·복사물 보호조치 현황'];['사례 1 : 개인정보 내부 관리계획서 내 개인정보보호를 위한 생활보안 점검(클린데스크 운영 등)을 정기적으로 수행하도록 명시하고 있으나, 이를 이행하지 않은 경우', '사례 2 : 멤버십 가입신청서 등 개인정보가 포함된 서류를 잠금장치가 없는 사무실 문서함에 보관한 경우', '사례 3 : 직원들의 컴퓨터 화면보호기 및 패스워드가 설정되어 있지 않고, 휴가자 책상 위에 중요문서가 장기간 방치되어 있는 경우', '사례 4 : 회의실 등 공용 사무 공간에 설치된 공용PC에 대한 보호대책이 수립되어 있지 않아 개인정보가 포함된 파일이 암호화되지 않은 채로 저장되어 있거나, 보안 업데이트 미적용, 백신 미설치 등 취약한 상태로 유지하고 있는 경우'];MANUAL;Manual check;manual_check;Manual check;manual;False;KISA-ISMS-P;KISA ISMS compliance framework 2023 (Korean)
aws;ISMS-P 인증은 한국인터넷진흥원(KISA)이 제정한 정보보호 및 개인정보보호 관리체계를 기반으로, 독립적인 심사기관이 기업이나 조직의 보안 및 개인정보 보호 활동이 인증 기준을 충족하는지 평가한 후 인증을 부여하는 제도입니다. 이를 통해 기업과 기관은 제공하는 서비스에 대한 대중의 신뢰를 높이고, 점점 복잡해지는 사이버 위협에 효과적으로 대응할 수 있습니다. 또한, ISMS-P는 정보보호와 개인정보 보호를 체계적으로 수립하고 운영할 수 있는 포괄적인 지침을 제공합니다.;;;2026-07-10 20:19:58.778743;2.6.5;무선 네트워크 접근;무선 네트워크를 사용하는 경우 사용자 인증, 송수신 데이터 암호화, AP 통제 등 무선 네트워크 보호대책을 적용하여야 한다. 또한 AD Hoc 접속, 비인가 AP 사용 등 비인가 무선 네트워크 접속으로부터 보호대책을 수립·이행하여야 한다.;2. 보호대책 요구사항;2.6 접근통제;2.6.5 무선 네트워크 접근;['무선네트워크를 업무적으로 사용하는 경우 무선 AP 및 네트워크 구간 보안을 위하여 인증, 송수신 데이터 암호화 등 보호대책을 수립·이행하고 있는가?', '인가된 임직원만이 무선네트워크를 사용할 수 있도록 사용 신청 및 해지 절차를 수립 및 이행하고 있는가?', 'AD Hoc 접속 및 조직 내 허가받지 않은 무선 AP 탐지·차단 등 비인가된 무선네트워크에 대한 보호대책을 수립·이행하고 있는가?'];['개인정보 보호법 제29조(안전조치의무)', '개인정보의 안전성 확보조치 기준 제6조(접근통제)'];['네트워크 구성도', 'AP 보안 설정 내역', '비인가 무선 네트워크 점검 이력', '무선네트워크 사용 신청·승인 이력'];['사례 1 : 외부인용 무선 네트워크와 내부 무선 네트워크 영역대가 동일하여 외부인도 무선네트워크를 통하여 별도의 통제 없이 내부 네트워크에 접근이 가능한 경우', '사례 2 : 무선 AP 설정 시 정보 송수신 암호화 기능을 설정하였으나, 안전하지 않은 방식으로 설정한 경우', '사례 3 : 업무 목적으로 내부망에 연결된 무선AP에 대하여 무선AP 관리자 비밀번호 노출(디폴트 비밀번호 사용), 접근제어 미적용 등 보안 설정이 미흡한 경우'];MANUAL;Manual check;manual_check;Manual check;manual;False;KISA-ISMS-P;KISA ISMS compliance framework 2023 (Korean)
aws;ISMS-P 인증은 한국인터넷진흥원(KISA)이 제정한 정보보호 및 개인정보보호 관리체계를 기반으로, 독립적인 심사기관이 기업이나 조직의 보안 및 개인정보 보호 활동이 인증 기준을 충족하는지 평가한 후 인증을 부여하는 제도입니다. 이를 통해 기업과 기관은 제공하는 서비스에 대한 대중의 신뢰를 높이고, 점점 복잡해지는 사이버 위협에 효과적으로 대응할 수 있습니다. 또한, ISMS-P는 정보보호와 개인정보 보호를 체계적으로 수립하고 운영할 수 있는 포괄적인 지침을 제공합니다.;;;2026-07-10 20:19:58.778743;2.6.7;인터넷 접속 통제;인터넷을 통한 정보 유출, 악성코드 감염, 내부망 침투 등을 예방하기 위하여 주요 정보시스템, 주요 직무 수행 및 개인정보 취급 단말기 등에 대한 인터넷 접속 또는 서비스(P2P, 웹하드, 메신저 등)를 제한하는 등 인터넷 접속 통제 정책을 수립·이행하여야 한다.;2. 보호대책 요구사항;2.6 접근통제;2.6.7 인터넷 접속 통제;['주요 직무 수행 및 개인정보 취급 단말기 등 업무용 PC의 인터넷 접속에 대한 통제정책을 수립·이행하고 있는가?', '주요 정보시스템(DB서버 등)에서 불필요한 외부 인터넷 접속을 통제하고 있는가?', '관련 법령에 따라 인터넷망 차단 의무가 부과된 경우 대상자를 식별하여 안전한 방식으로 인터넷망 차단 조치를 적용하고 있는가?'];['개인정보 보호법 제29조(안전조치의무)', '개인정보의 안전성 확보조치 기준 제6조(접근통제)'];['비업무사이트(P2P 등) 차단정책(비업무사이트 차단시스템 관리화면 등)', '인터넷 접속내역 모니터링 이력', '인터넷망 차단조치 대상자 목록', '망간 자료 전송 절차 및 처리내역(신청·승인내역 등)', '네트워크 구성도'];['사례 1 : 개인정보 보호법에 따라 인터넷망 차단 조치를 적용하였으나, 개인정보처리시스템의 접근권한 설정 가능자 등 일부 의무대상자에 대하여 인터넷망 차단 조치 적용이 누락된 경우', '사례 2 : 개인정보 보호법에 따른 인터넷망 차단 조치 의무대상으로서 인터넷망 차단 조치를 적용하였으나, 다른 서버를 경유한 우회접속이 가능하여 인터넷망 차단 조치가 적용되지 않은 환경에서 개인정보처리시스템에 접속하여 개인정보의 다운로드, 파기 등이 가능한 경우', '사례 3 : DMZ 및 내부망에 위치한 일부 서버에서 불필요하게 인터넷으로의 직접 접속이 가능한 경우', '사례 4 : 인터넷 PC와 내부 업무용 PC를 물리적 망분리 방식으로 인터넷망 차단 조치를 적용하고 망간 자료전송시스템을 구축·운영하고 있으나, 자료 전송에 대한 승인 절차가 부재하고 자료 전송 내역에 대한 주기적 검토가 이루어지고 있지 않은 경우', '사례 5 : 내부 규정에는 개인정보취급자가 P2P 및 웹하드 사이트 접속 시 책임자 승인을 거쳐 특정 기간 동안만 허용하도록 되어 있으나, 승인절차를 거치지 않고 예외 접속이 허용된 사례가 다수 존재하는 경우'];MANUAL;Manual check;manual_check;Manual check;manual;False;KISA-ISMS-P;KISA ISMS compliance framework 2023 (Korean)
aws;ISMS-P 인증은 한국인터넷진흥원(KISA)이 제정한 정보보호 및 개인정보보호 관리체계를 기반으로, 독립적인 심사기관이 기업이나 조직의 보안 및 개인정보 보호 활동이 인증 기준을 충족하는지 평가한 후 인증을 부여하는 제도입니다. 이를 통해 기업과 기관은 제공하는 서비스에 대한 대중의 신뢰를 높이고, 점점 복잡해지는 사이버 위협에 효과적으로 대응할 수 있습니다. 또한, ISMS-P는 정보보호와 개인정보 보호를 체계적으로 수립하고 운영할 수 있는 포괄적인 지침을 제공합니다.;;;2026-07-10 20:19:58.778743;2.8.1;보안 요구사항 정의;정보시스템의 도입·개발·변경 시 정보보호 및 개인정보보호 관련 법적 요구사항, 최신 보안취약점, 안전한 코딩방법 등 보안 요구사항을 정의하고 적용하여야 한다.;2. 보호대책 요구사항;2.8 정보시스템 도입 및 개발 보안;2.8.1 보안 요구사항 정의;['정보시스템을 신규로 도입·개발 또는 변경하는 경우 정보보호 및 개인정보보호 측면의 타당성 검토 및 인수 절차를 수립·이행하고 있는가?', '정보시스템을 신규로 도입·개발 또는 변경하는 경우 법적 요구사항, 최신 취약점 등을 포함한 보안 요구사항을 명확히 정의하고 설계 단계에서부터 반영하고 있는가?', '정보시스템의 안전한 구현을 위한 코딩 표준을 수립하여 적용하고 있는가?'];[];['정보시스템 인수 기준 및 절차', '정보시스템 도입 RFP(제안요청서) 및 구매계약서', '개발 산출물(사업수행계획서, 요구사항정의서, 화면설계서, 보안아키텍처 설계서, 시험계획서 등)', '시큐어 코딩 표준'];['사례 1 : 정보시스템 인수 전 보안성 검증 기준 및 절차가 마련되어 있지 않은 경우', '사례 2 : 신규 시스템 도입 시 기존 운영환경에 대한 영향 및 보안성을 검토하도록 내부 규정을 마련하고 있으나, 최근 도입한 일부 정보시스템에 대하여 인수 시 보안요건에 대해 세부 기준 및 계획이 수립되지 않았으며, 이에 따라 인수 시 보안성검토가 수행되지 않은 경우', '사례 3 : 개발 관련 내부 지침에 개발과 관련된 주요 보안 요구사항(인증 및 암호화, 보안로그 등)이 정의되어 있지 않은 경우', '사례 4 : ʻ개발표준정의서ʼ에 사용자 패스워드를 안전하지 않은 암호화 알고리즘(MD5, SHA1)으로 사용하도록 되어 있어 관련 법적 요구사항을 적절히 반영하지 않는 경우'];MANUAL;Manual check;manual_check;Manual check;manual;False;KISA-ISMS-P;KISA ISMS compliance framework 2023 (Korean)
aws;ISMS-P 인증은 한국인터넷진흥원(KISA)이 제정한 정보보호 및 개인정보보호 관리체계를 기반으로, 독립적인 심사기관이 기업이나 조직의 보안 및 개인정보 보호 활동이 인증 기준을 충족하는지 평가한 후 인증을 부여하는 제도입니다. 이를 통해 기업과 기관은 제공하는 서비스에 대한 대중의 신뢰를 높이고, 점점 복잡해지는 사이버 위협에 효과적으로 대응할 수 있습니다. 또한, ISMS-P는 정보보호와 개인정보 보호를 체계적으로 수립하고 운영할 수 있는 포괄적인 지침을 제공합니다.;;;2026-07-10 20:19:58.778743;2.8.2;보안 요구사항 검토 및 시험;사전 정의된 보안 요구사항에 따라 정보시스템이 도입 또는 구현되었는지를 검토하기 위하여 법적 요구사항 준수, 최신 보안취약점 점검, 안전한 코딩 구현, 개인정보 영향평가 등의 검토 기준과 절차를 수립·이행하고, 발견된 문제점에 대한 개선조치를 수행하여야 한다.;2. 보호대책 요구사항;2.8 정보시스템 도입 및 개발 보안;2.8.2 보안 요구사항 검토 및 시험;['정보시스템의 도입, 개발, 변경 시 분석 및 설계 단계에서 정의한 보안 요구사항이 효과적으로 적용되었는지를 확인하기 위한 시험을 수행하고 있는가?', '정보시스템이 안전한 코딩 기준 등에 따라 안전하게 개발되었는지를 확인하기 위한 취약점 점검이 수행되고 있는가?', '시험 및 취약점 점검 과정에서 발견된 문제점이 신속하게 개선될 수 있도록 개선계획 수립, 이행점검 등의 절차를 이행하고 있는가?', '공공기관은 관련 법령에 따라 개인정보처리시스템 신규 개발 및 변경 시 분석·설계 단계에서 영향평가기관을 통하여 영향평가를 수행하고 그 결과를 개발 및 변경 시 반영하고 있는가?'];['개인정보 보호법 제33조(개인정보 영향평가)', '개인정보 영향평가에 관한 고시'];['정보시스템 인수 시험 결과', '요구사항 추적 매트릭스', '시험 계획서, 시험 결과서', '취약점 점검 결과서', '개인정보 영향평가서', '개인정보 영향평가 개선계획 이행점검 확인서'];['사례 1 : 정보시스템 구현 이후 개발 관련 내부 지침 및 문서에 정의된 보안 요구사항을 시험하지 않고 있는 경우', '사례 2 : 응용프로그램 테스트 시나리오 및 기술적 취약점 점검항목에 입력값 유효성 체크 등의 중요 점검항목 일부가 누락된 경우', '사례 3 : 구현 또는 시험 과정에서 알려진 기술적 취약점이 존재하는지 여부를 점검하지 않거나, 타당한 사유 또는 승인 없이 확인된 취약점에 대한 개선조치를 이행하지 않은 경우', '사례 4 : 공공기관이 5만 명 이상 정보주체의 고유식별정보를 처리하는 등 영향평가 의무 대상 개인정보 파일 및 개인정보처리시스템을 신규로 구축하면서 영향평가를 실시하지 않은 경우', '사례 5 : 공공기관이 영향평가를 수행한 후 영향평가기관으로부터 영향평가서를 받은 지 2개월이 지났음에도 불구하고 영향평가서를 개인정보 보호위원회에 제출하지 않은 경우', '사례 6 : 신규 시스템 도입 시 기존 운영환경에 대한 영향 및 보안성을 검토(취약점 점검 등)하도록 내부 지침을 마련하고 있으나, 최근 도입한 일부 정보시스템에 대하여 인수 시 취약점 점검 등 보안성검토가 수행되지 않은 경우'];MANUAL;Manual check;manual_check;Manual check;manual;False;KISA-ISMS-P;KISA ISMS compliance framework 2023 (Korean)
aws;ISMS-P 인증은 한국인터넷진흥원(KISA)이 제정한 정보보호 및 개인정보보호 관리체계를 기반으로, 독립적인 심사기관이 기업이나 조직의 보안 및 개인정보 보호 활동이 인증 기준을 충족하는지 평가한 후 인증을 부여하는 제도입니다. 이를 통해 기업과 기관은 제공하는 서비스에 대한 대중의 신뢰를 높이고, 점점 복잡해지는 사이버 위협에 효과적으로 대응할 수 있습니다. 또한, ISMS-P는 정보보호와 개인정보 보호를 체계적으로 수립하고 운영할 수 있는 포괄적인 지침을 제공합니다.;;;2026-07-10 20:19:58.778743;2.8.3;시험과 운영 환경 분리;개발 및 시험 시스템은 운영시스템에 대한 비인가 접근 및 변경의 위험을 감소시키기 위하여 원칙적으로 분리하여야 한다.;2. 보호대책 요구사항;2.8 정보시스템 도입 및 개발 보안;2.8.3 시험과 운영 환경 분리;['정보시스템의 개발 및 시험 시스템을 운영시스템과 분리하고 있는가?', '불가피한 사유로 개발과 운영환경의 분리가 어려운 경우 상호검토, 상급자 모니터링, 변경 승인, 책임추적성 확보 등의 보안대책을 마련하고 있는가?'];[];['네트워크 구성도(시험환경 구성 포함)', '운영 환경과 개발·시험 환경 간 접근통제 적용 현황'];['사례 1 : 타당한 사유 또는 승인 없이 별도의 개발환경을 구성하지 않고 운영환경에서 직접 소스코드 변경을 수행하고 있는 경우', '사례 2 : 불가피하게 개발시스템과 운영시스템을 분리하지 않고 운영 중에 있으나, 이에 대한 상호 검토 내역, 모니터링 내역 등이 누락되어 있는 경우', '사례 3 : 개발시스템이 별도로 구성되어 있으나, 개발환경으로부터 운영환경으로의 접근이 통제되지 않아 개발자들이 개발시스템을 경유하여 불필요하게 운영시스템 접근이 가능한 경우'];MANUAL;Manual check;manual_check;Manual check;manual;False;KISA-ISMS-P;KISA ISMS compliance framework 2023 (Korean)
aws;ISMS-P 인증은 한국인터넷진흥원(KISA)이 제정한 정보보호 및 개인정보보호 관리체계를 기반으로, 독립적인 심사기관이 기업이나 조직의 보안 및 개인정보 보호 활동이 인증 기준을 충족하는지 평가한 후 인증을 부여하는 제도입니다. 이를 통해 기업과 기관은 제공하는 서비스에 대한 대중의 신뢰를 높이고, 점점 복잡해지는 사이버 위협에 효과적으로 대응할 수 있습니다. 또한, ISMS-P는 정보보호와 개인정보 보호를 체계적으로 수립하고 운영할 수 있는 포괄적인 지침을 제공합니다.;;;2026-07-10 20:19:58.778743;2.8.4;시험 데이터 보안;시스템 시험 과정에서 운영데이터의 유출을 예방하기 위하여 시험 데이터의 생성과 이용 및 관리, 파기, 기술적 보호조치에 관한 절차를 수립·이행하여야 한다.;2. 보호대책 요구사항;2.8 정보시스템 도입 및 개발 보안;2.8.4 시험 데이터 보안;['정보시스템의 개발 및 시험 과정에서 실제 운영 데이터의 사용을 제한하고 있는가?', '불가피하게 운영데이터를 시험 환경에서 사용할 경우 책임자 승인, 접근 및 유출 모니터링, 시험 후 데이터 삭제 등의 통제 절차를 수립·이행하고 있는가?'];[];['시험데이터 현황', '시험데이터 생성 규칙', '운영데이터를 시험환경에 사용한 경우, 관련 승인 이력'];['사례 1 : 개발 서버에서 사용할 시험 데이터 생성에 대한 구체적 기준 및 절차가 수립되어 있지 않은 경우', '사례 2 : 타당한 사유 및 책임자 승인 없이 실 운영데이터를 가공하지 않고 시험 데이터로 사용하고 있는 경우', '사례 3 : 불가피한 사유로 사전 승인을 받아 실 운영데이터를 시험 용도로 사용하면서, 테스트 데이터베이스에 대하여 운영 데이터베이스와 동일한 수준의 접근통제를 적용하고 있지 않은 경우', '사례 4 : 실 운영데이터를 테스트 용도로 사용한 후 테스트가 완료되었음에도 실 운영데이터를 테스트 데이터베이스에서 삭제하지 않은 경우'];MANUAL;Manual check;manual_check;Manual check;manual;False;KISA-ISMS-P;KISA ISMS compliance framework 2023 (Korean)
aws;ISMS-P 인증은 한국인터넷진흥원(KISA)이 제정한 정보보호 및 개인정보보호 관리체계를 기반으로, 독립적인 심사기관이 기업이나 조직의 보안 및 개인정보 보호 활동이 인증 기준을 충족하는지 평가한 후 인증을 부여하는 제도입니다. 이를 통해 기업과 기관은 제공하는 서비스에 대한 대중의 신뢰를 높이고, 점점 복잡해지는 사이버 위협에 효과적으로 대응할 수 있습니다. 또한, ISMS-P는 정보보호와 개인정보 보호를 체계적으로 수립하고 운영할 수 있는 포괄적인 지침을 제공합니다.;;;2026-07-10 20:19:58.778743;2.8.6;운영환경 이관;신규 도입·개발 또는 변경된 시스템을 운영환경으로 이관할 때는 통제된 절차를 따라야 하고, 실행코드는 시험 및 사용자 인수 절차에 따라 실행되어야 한다.;2. 보호대책 요구사항;2.8 정보시스템 도입 및 개발 보안;2.8.6 운영환경 이관;['신규 도입·개발 및 변경된 시스템을 운영환경으로 안전하게 이관하기 위한 통제 절차를 수립·이행하고 있는가?', '운영환경으로 이관 시 발생할 수 있는 문제에 대한 대응 방안을 마련하고 있는가?', '운영환경에는 서비스 실행에 필요한 파일만을 설치하고 있는가?'];[];['이관 절차', '이관 내역(신청·승인, 시험, 이관 등)'];['사례 1 : 개발·변경이 완료된 소스 프로그램을 운영환경으로 이관 시 검토·승인하는 절차가 마련되어 있지 않은 경우', '사례 2 : 운영서버에 서비스 실행에 불필요한 파일(소스코드 또는 배포모듈, 백업본, 개발 관련 문서, 매뉴얼 등)이 존재하는 경우', '사례 3 : 내부 지침에 운영환경 이관 시 안전한 이관·복구를 위하여 변경작업 요청서 및 결과서를 작성하도록 정하고 있으나, 관련 문서가 확인되지 않은 경우', '사례 4 : 내부 지침에는 모바일 앱을 앱마켓에 배포하는 경우 내부 검토 및 승인을 받도록 하고 있으나, 개발자가 해당 절차를 거치지 않고 임의로 앱마켓에 배포하고 있는 경우'];MANUAL;Manual check;manual_check;Manual check;manual;False;KISA-ISMS-P;KISA ISMS compliance framework 2023 (Korean)
aws;ISMS-P 인증은 한국인터넷진흥원(KISA)이 제정한 정보보호 및 개인정보보호 관리체계를 기반으로, 독립적인 심사기관이 기업이나 조직의 보안 및 개인정보 보호 활동이 인증 기준을 충족하는지 평가한 후 인증을 부여하는 제도입니다. 이를 통해 기업과 기관은 제공하는 서비스에 대한 대중의 신뢰를 높이고, 점점 복잡해지는 사이버 위협에 효과적으로 대응할 수 있습니다. 또한, ISMS-P는 정보보호와 개인정보 보호를 체계적으로 수립하고 운영할 수 있는 포괄적인 지침을 제공합니다.;;;2026-07-10 20:19:58.778743;2.9.1;변경관리;정보시스템 관련 자산의 모든 변경내역을 관리할 수 있도록 절차를 수립·이행하고, 변경 전 시스템의 성능 및 보안에 미치는 영향을 분석하여야 한다.;2. 보호대책 요구사항;2.9 시스템 및 서비스 운영관리;2.9.1 변경관리;['정보시스템 관련 자산(하드웨어, 운영체제, 상용 소프트웨어 패키지 등) 변경에 관한 절차를 수립·이행하고 있는가?', '정보시스템 관련 자산 변경을 수행하기 전 성능 및 보안에 미치는 영향을 분석하고 있는가?'];[];['변경관리 절차', '변경관리 수행 내역(신청·승인, 변경 내역 등)', '변경에 따른 영향분석 결과'];['사례 1 : 최근 DMZ 구간 이중화에 따른 변경 작업을 수행하였으나, 변경 후 발생할 수 있는 보안위험성 및 성능 평가에 대한 수행·승인 증거자료가 확인되지 않은 경우', '사례 2 : 최근 네트워크 변경 작업을 수행하였으나 관련 검토 및 공지가 충분히 이루어지지 않아 네트워크 구성도 및 일부 접근통제시스템(침입차단시스템, 데이터베이스 접근제어시스템 등)의 접근통제 리스트(ACL)에 적절히 반영되어 있지 않은 경우', '사례 3 : 변경관리시스템을 구축하여 정보시스템 입고 또는 변경 시 성능 및 보안에 미치는 영향을 분석 및협의하고 관련 이력을 관리하도록 하고 있으나, 해당 시스템을 통하지 않고도 시스템 변경이 가능하며, 관련 변경사항이 적절히 검토되지 않는 경우'];MANUAL;Manual check;manual_check;Manual check;manual;False;KISA-ISMS-P;KISA ISMS compliance framework 2023 (Korean)
aws;ISMS-P 인증은 한국인터넷진흥원(KISA)이 제정한 정보보호 및 개인정보보호 관리체계를 기반으로, 독립적인 심사기관이 기업이나 조직의 보안 및 개인정보 보호 활동이 인증 기준을 충족하는지 평가한 후 인증을 부여하는 제도입니다. 이를 통해 기업과 기관은 제공하는 서비스에 대한 대중의 신뢰를 높이고, 점점 복잡해지는 사이버 위협에 효과적으로 대응할 수 있습니다. 또한, ISMS-P는 정보보호와 개인정보 보호를 체계적으로 수립하고 운영할 수 있는 포괄적인 지침을 제공합니다.;;;2026-07-10 20:19:58.778743;2.9.5;로그 및 접속기록 점검;정보시스템의 정상적인 사용을 보장하고 사용자 오·남용(비인가접속, 과다조회 등)을 방지하기 위하여 접근 및 사용에 대한 로그 검토기준을 수립하여 주기적으로 점검하며, 문제 발생 시 사후조치를 적시에 수행하여야 한다.;2. 보호대책 요구사항;2.9 시스템 및 서비스 운영관리;2.9.5 로그 및 접속기록 점검;['정보시스템 관련 오류, 오·남용(비인가접속, 과다조회 등), 부정행위 등 이상징후를 인지할 수 있도록 로그 검토 주기, 대상, 방법 등을 포함한 로그 검토 및 모니터링 절차를 수립·이행하고 있는가?', '로그 검토 및 모니터링 결과를 책임자에게 보고하고 이상징후 발견 시 절차에 따라 대응하고 있는가?', '개인정보처리시스템의 접속기록은 관련 법령에서 정한 주기에 따라 정기적으로 점검하고 있는가?'];['개인정보 보호법 제29조(안전조치의무)', '개인정보의 안전성 확보조치 기준 제8조(접속기록의 보관 및 점검)'];['로그 검토 및 모니터링 절차', '로그 검토 및 모니터링 결과(검토 내역, 보고서 등)', '개인정보 접속기록 점검 내역', '개인정보 다운로드 시 사유 확인 기준 및 결과', '이상징후 발견 시 대응 증거자료'];['사례 1 : 중요 정보를 처리하고 있는 정보시스템에 대한 이상접속(휴일 새벽 접속, 우회경로 접속 등) 또는 이상행위(대량 데이터 조회 또는 소량 데이터의 지속적·연속적 조회 등)에 대한 모니터링 및 경고·알림 정책(기준)이 수립되어 있지 않은 경우', '사례 2 : 내부 지침 또는 시스템 등에 접근 및 사용에 대한 주기적인 점검·모니터링 기준을 마련하고 있으나 실제 이상접속 및 이상행위에 대한 검토 내역이 확인되지 않은 경우', '사례 3 : 개인정보처리자가 개인정보처리시스템의 접속기록 점검 주기를 분기 1회로 정하고 있는 경우', '사례 4 : 개인정보처리자의 내부 관리계획에는 1,000명 이상의 정보주체에 대한 개인정보를 다운로드한 경우에는 사유를 확인하도록 기준이 책정되어 있는 상태에서 1,000건 이상의 개인정보 다운로드가 발생하였으나 그 사유를 확인하지 않고 있는 경우'];MANUAL;Manual check;manual_check;Manual check;manual;False;KISA-ISMS-P;KISA ISMS compliance framework 2023 (Korean)
aws;ISMS-P 인증은 한국인터넷진흥원(KISA)이 제정한 정보보호 및 개인정보보호 관리체계를 기반으로, 독립적인 심사기관이 기업이나 조직의 보안 및 개인정보 보호 활동이 인증 기준을 충족하는지 평가한 후 인증을 부여하는 제도입니다. 이를 통해 기업과 기관은 제공하는 서비스에 대한 대중의 신뢰를 높이고, 점점 복잡해지는 사이버 위협에 효과적으로 대응할 수 있습니다. 또한, ISMS-P는 정보보호와 개인정보 보호를 체계적으로 수립하고 운영할 수 있는 포괄적인 지침을 제공합니다.;;;2026-07-10 20:19:58.778743;2.9.6;시간 동기화;로그 및 접속기록의 정확성을 보장하고 신뢰성 있는 로그분석을 위하여 관련 정보시스템의 시각을 표준시각으로 동기화하고 주기적으로 관리하여야 한다.;2. 보호대책 요구사항;2.9 시스템 및 서비스 운영관리;2.9.6 시간 동기화;['정보시스템의 시간을 표준시간으로 동기화하고 있는가?', '시간 동기화가 정상적으로 이루어지고 있는지 주기적으로 점검하고 있는가?'];[];['시간 동기화 설정', '주요 시스템 시간 동기화 증거자료'];['사례 1 : 일부 중요 시스템(보안시스템, CCTV 등)의 시각이 표준시와 동기화되어 있지 않으며, 관련 동기화 여부에 대한 주기적 점검이 이행되고 있지 않은 경우', '사례 2 : 내부 NTP 서버와 시각을 동기화하도록 설정하고 있으나 일부 시스템의 시각이 동기화되지 않고 있고, 이에 대한 원인분석 및 대응이 이루어지고 있지 않은 경우'];MANUAL;Manual check;manual_check;Manual check;manual;False;KISA-ISMS-P;KISA ISMS compliance framework 2023 (Korean)
aws;ISMS-P 인증은 한국인터넷진흥원(KISA)이 제정한 정보보호 및 개인정보보호 관리체계를 기반으로, 독립적인 심사기관이 기업이나 조직의 보안 및 개인정보 보호 활동이 인증 기준을 충족하는지 평가한 후 인증을 부여하는 제도입니다. 이를 통해 기업과 기관은 제공하는 서비스에 대한 대중의 신뢰를 높이고, 점점 복잡해지는 사이버 위협에 효과적으로 대응할 수 있습니다. 또한, ISMS-P는 정보보호와 개인정보 보호를 체계적으로 수립하고 운영할 수 있는 포괄적인 지침을 제공합니다.;;;2026-07-10 20:19:58.778743;2.9.7;정보자산의 재사용 및 폐기;정보자산의 재사용과 폐기 과정에서 개인정보 및 중요정보가 복구·재생되지 않도록 안전한 재사용 및 폐기 절차를 수립·이행하여야 한다.;2. 보호대책 요구사항;2.9 시스템 및 서비스 운영관리;2.9.7 정보자산의 재사용 및 폐기;['정보자산의 안전한 재사용 및 폐기에 대한 절차를 수립·이행하고 있는가?', '정보자산 및 저장매체를 재사용 및 폐기하는 경우 개인정보 및 중요정보를 복구되지 않는 방법으로 처리하고 있는가?', '자체적으로 정보자산 및 저장매체를 폐기할 경우 관리대장을 통하여 폐기이력을 남기고 폐기확인 증적을 함께 보관하고 있는가?', '외부업체를 통하여 정보자산 및 저장매체를 폐기할 경우 폐기 절차를 계약서에 명시하고 완전히 폐기하였는지 여부를 확인하고 있는가?', '정보시스템, PC 등 유지보수, 수리 과정에서 저장매체 교체, 복구 등 발생 시 저장매체 내 정보를 보호하기 위한 대책을 마련하고 있는가?'];['개인정보 보호법 제21조(개인정보의 파기)', '개인정보의 안전성 확보조치 기준 제13조(개인정보의 파기)'];['정보자산 폐기 및 재사용 절차', '저장매체 관리대장', '정보자산 및 저장매체 폐기 증거자료', '정보자산 및 저장매체 폐기 관련 위탁계약서'];['사례 1 : 개인정보취급자 PC를 재사용할 경우 데이터 삭제프로그램을 이용하여 완전삭제 하도록 정책 및 절차가 수립되어 있으나, 실제로는 완전삭제 조치 없이 재사용하거나 기본 포맷만 하고 재사용하고 있는 등 관련 절차가 이행되고 있지 않은 경우', '사례 2 : 외부업체를 통하여 저장매체를 폐기하고 있으나, 계약 내용상 안전한 폐기 절차 및 보호대책에 대한 내용이 누락되어 있고 폐기 이행 증거자료 확인 및 실사 등의 관리·감독이 이루어지지 않은 경우', '사례 3 : 폐기된 HDD의 일련번호가 아닌 시스템명을 기록하거나 폐기 대장을 작성하지 않아 폐기 이력 및 추적할 수 있는 증거자료를 확인할 수 없는 경우', '사례 4 : 회수한 폐기 대상 하드디스크가 완전삭제 되지 않은 상태로 잠금장치가 되지 않은 장소에 방치되고 있는 경우'];MANUAL;Manual check;manual_check;Manual check;manual;False;KISA-ISMS-P;KISA ISMS compliance framework 2023 (Korean)
aws;ISMS-P 인증은 한국인터넷진흥원(KISA)이 제정한 정보보호 및 개인정보보호 관리체계를 기반으로, 독립적인 심사기관이 기업이나 조직의 보안 및 개인정보 보호 활동이 인증 기준을 충족하는지 평가한 후 인증을 부여하는 제도입니다. 이를 통해 기업과 기관은 제공하는 서비스에 대한 대중의 신뢰를 높이고, 점점 복잡해지는 사이버 위협에 효과적으로 대응할 수 있습니다. 또한, ISMS-P는 정보보호와 개인정보 보호를 체계적으로 수립하고 운영할 수 있는 포괄적인 지침을 제공합니다.;;;2026-07-10 20:19:58.778743;2.10.3;공개서버 보안;외부 네트워크에 공개되는 서버의 경우 내부 네트워크와 분리하고 취약점 점검, 접근통제, 인증, 정보 수집·저장·공개 절차 등 강화된 보호대책을 수립·이행하여야 한다.;2. 보호대책 요구사항;2.10 시스템 및 서비스 보안관리;2.10.3 공개서버 보안;['공개서버를 운영하는 경우 이에 대한 보호대책을 수립·이행하고 있는가?', '공개서버는 내부 네트워크와 분리된 DMZ 영역에 설치하고 침입차단시스템 등 보안시스템을 통하여 보호하고 있는가?', '공개서버에 개인정보 및 중요정보를 게시하거나 저장하여야 할 경우 책임자 승인 등 허가 및 게시절차를 수립·이행하고 있는가?', '조직의 중요정보가 웹사이트 및 웹서버를 통하여 노출되고 있는지 여부를 주기적으로 확인하여 중요정보 노출을 인지한 경우 이를 즉시 차단하는 등의 조치를 취하고 있는가?'];[];['네트워크 구성도', '웹사이트 정보공개 절차 및 내역(신청·승인·게시 이력 등)', '개인정보 및 중요정보 노출 여부 점검 이력'];['사례 1 : 인터넷에 공개된 웹사이트의 취약점으로 인하여 구글 검색을 통하여 열람 권한이 없는 타인의 개인정보에 접근할 수 있는 경우', '사례 2 : 웹사이트에 개인정보를 게시하는 경우 승인 절차를 거치도록 내부 규정이 마련되어 있으나, 이를 준수하지 않고 개인정보가 게시된 사례가 다수 존재한 경우', '사례 3 : 게시판 등의 웹 응용프로그램에서 타인이 작성한 글을 임의로 수정·삭제하거나 비밀번호로 보호된 글을 열람할 수 있는 경우'];MANUAL;Manual check;manual_check;Manual check;manual;False;KISA-ISMS-P;KISA ISMS compliance framework 2023 (Korean)
aws;ISMS-P 인증은 한국인터넷진흥원(KISA)이 제정한 정보보호 및 개인정보보호 관리체계를 기반으로, 독립적인 심사기관이 기업이나 조직의 보안 및 개인정보 보호 활동이 인증 기준을 충족하는지 평가한 후 인증을 부여하는 제도입니다. 이를 통해 기업과 기관은 제공하는 서비스에 대한 대중의 신뢰를 높이고, 점점 복잡해지는 사이버 위협에 효과적으로 대응할 수 있습니다. 또한, ISMS-P는 정보보호와 개인정보 보호를 체계적으로 수립하고 운영할 수 있는 포괄적인 지침을 제공합니다.;;;2026-07-10 20:19:58.778743;2.10.4;전자거래 및 핀테크 보안;전자거래 및 핀테크 서비스 제공 시 정보유출이나 데이터 조작·사기 등의 침해사고 예방을 위하여 인증·암호화 등의 보호대책을 수립하고, 결제시스템 등 외부 시스템과 연계할 경우 안전성을 점검하여야 한다.;2. 보호대책 요구사항;2.10 시스템 및 서비스 보안관리;2.10.4 전자거래 및 핀테크 보안;['전자거래 및 핀테크 서비스를 제공하는 경우 거래의 안전성과 신뢰성 확보를 위한 보호대책을 수립·이행하고 있는가?', '전자거래 및 핀테크 서비스 제공을 위하여 결제시스템 등 외부 시스템과 연계하는 경우 송수신되는 관련 정보의 보호를 위한 대책을 수립·이행하고 안전성을 점검하고 있는가?'];[];['전자거래 및 핀테크 서비스 보호대책', '결제시스템 연계 시 보안성 검토 결과'];['사례 1 : 전자결제대행업체와 위탁 계약을 맺고 연계를 하였으나, 적절한 인증 및 접근제한 없이 특정 URL을 통하여 결제 관련 정보가 모두 평문으로 전송되는 경우', '사례 2 : 전자결제대행업체와 외부 연계 시스템이 전용망으로 연결되어 있으나, 해당 연계 시스템에서 내부 업무 시스템으로의 접근이 침입차단시스템 등으로 적절히 통제되지 않고 있는 경우', '사례 3 : 내부 지침에는 외부 핀테크 서비스 연계 시 정보보호팀의 보안성 검토를 받도록 되어 있으나, 최근에 신규 핀테크 서비스를 연계하면서 일정상 이유로 보안성 검토를 수행하지 않은 경우'];MANUAL;Manual check;manual_check;Manual check;manual;False;KISA-ISMS-P;KISA ISMS compliance framework 2023 (Korean)
aws;ISMS-P 인증은 한국인터넷진흥원(KISA)이 제정한 정보보호 및 개인정보보호 관리체계를 기반으로, 독립적인 심사기관이 기업이나 조직의 보안 및 개인정보 보호 활동이 인증 기준을 충족하는지 평가한 후 인증을 부여하는 제도입니다. 이를 통해 기업과 기관은 제공하는 서비스에 대한 대중의 신뢰를 높이고, 점점 복잡해지는 사이버 위협에 효과적으로 대응할 수 있습니다. 또한, ISMS-P는 정보보호와 개인정보 보호를 체계적으로 수립하고 운영할 수 있는 포괄적인 지침을 제공합니다.;;;2026-07-10 20:19:58.778743;2.10.5;정보전송 보안;다른 조직에 개인정보 및 중요정보를 전송할 경우 안전한 전송 정책을 수립하고 조직 간 합의를 통하여 관리 책임, 전송방법, 개인정보 및 중요정보 보호를 위한 기술적 보호조치 등을 협약하고 이행하여야 한다.;2. 보호대책 요구사항;2.10 시스템 및 서비스 보안관리;2.10.5 정보전송 보안;['외부 조직에 개인정보 및 중요정보를 전송할 경우 안전한 전송 정책을 수립하고 있는가?', '업무상 조직 간 개인정보 및 중요정보를 상호교환하는 경우 안전한 전송을 위한 협약체결 등 보호대책을 수립·이행하고 있는가?'];[];['정보전송 협약서 또는 계약서', '정보전송 기술표준', '정보전송 관련 구성도, 인터페이스 정의서'];['사례 1 : 대외 기관과 연계 시 전용망 또는 VPN을 적용하고 중계서버와 인증서 적용 등을 통하여 안전하게 정보를 전송하고 있으나, 외부 기관별 연계 시기, 방식, 담당자 및 책임자, 연계 정보, 법적 근거 등에 대한 현황관리가 적절히 이루어지지 않고 있는 경우', '사례 2 : 중계과정에서의 암호 해제 구간 또는 취약한 암호화 알고리즘(DES, 3DES) 사용 등에 대한 보안성 검토, 보안표준 및 조치방안 수립 등에 대한 협의가 이행되고 있지 않은 경우'];MANUAL;Manual check;manual_check;Manual check;manual;False;KISA-ISMS-P;KISA ISMS compliance framework 2023 (Korean)
aws;ISMS-P 인증은 한국인터넷진흥원(KISA)이 제정한 정보보호 및 개인정보보호 관리체계를 기반으로, 독립적인 심사기관이 기업이나 조직의 보안 및 개인정보 보호 활동이 인증 기준을 충족하는지 평가한 후 인증을 부여하는 제도입니다. 이를 통해 기업과 기관은 제공하는 서비스에 대한 대중의 신뢰를 높이고, 점점 복잡해지는 사이버 위협에 효과적으로 대응할 수 있습니다. 또한, ISMS-P는 정보보호와 개인정보 보호를 체계적으로 수립하고 운영할 수 있는 포괄적인 지침을 제공합니다.;;;2026-07-10 20:19:58.778743;2.10.6;업무용 단말기기 보안;PC, 모바일 기기 등 단말기기를 업무 목적으로 네트워크에 연결할 경우 기기 인증 및 승인, 접근 범위, 기기 보안설정 등의 접근통제 대책을 수립하고 주기적으로 점검하여야 한다.;2. 보호대책 요구사항;2.10 시스템 및 서비스 보안관리;2.10.6 업무용 단말기기 보안;['PC, 노트북, 가상PC, 태블릿 등 업무에 사용되는 단말기에 대하여 기기인증, 승인, 접근범위 설정, 기기 보안설정 등의 보안 통제 정책을 수립·이행하고 있는가?', '업무용 단말기를 통하여 개인정보 및 중요정보가 유출되는 것을 방지하기 위하여 자료공유프로그램 사용 금지, 공유설정 제한, 무선망 이용 통제 등의 정책을 수립·이행하고 있는가?', '업무용 모바일 기기의 분실, 도난 등으로 인한 개인정보 및 중요정보의 유·노출을 방지하기 위하여 보안대책을 적용하고 있는가?', '업무용 단말기기에 대한 접근통제 대책의 적절성에 대하여 주기적으로 점검하고 있는가?'];['개인정보 보호법 제29조(안전조치의무)', '개인정보의 안전성 확보조치 기준 제6조(접근통제)'];['업무용 단말기 보안통제 지침 및 절차', '업무용 단말기 등록현황', '업무용 단말기 보안설정', '업무용 단말기 기기인증 및 승인 이력', '업무용 단말기 보안점검 현황'];['사례 1 : 업무적인 목적으로 노트북, 태블릿PC 등 모바일 기기를 사용하고 있으나, 업무용 모바일 기기에 대한 허용 기준, 사용 범위, 승인 절차, 인증 방법 등에 대한 정책이 수립되어 있지 않은 경우', '사례 2 : 모바일 기기 보안관리 지침에서는 모바일 기기의 업무용 사용을 원칙적으로 금지하고 필요시 승인 절차를 통하여 제한된 기간 동안 허가된 모바일 기기만 사용하도록 정하고 있으나, 허가된 모바일 기기가 식별·관리되지 않고 승인되지 않은 모바일 기기에서도 내부 정보시스템 접속이 가능한 경우', '사례 3 : 개인정보 처리업무에 이용되는 모바일 기기에 대하여 비밀번호 설정 등 도난·분실에 대한 보호대책이 적용되어 있지 않은 경우', '사례 4 : 내부 규정에서는 업무용 단말기의 공유폴더 사용을 금지하고 있으나, 이에 대한 주기적인 점검이 이루어지고 있지 않아 다수의 업무용 단말기에서 과도하게 공유폴더를 설정하여 사용하고 있는 경우'];MANUAL;Manual check;manual_check;Manual check;manual;False;KISA-ISMS-P;KISA ISMS compliance framework 2023 (Korean)
aws;ISMS-P 인증은 한국인터넷진흥원(KISA)이 제정한 정보보호 및 개인정보보호 관리체계를 기반으로, 독립적인 심사기관이 기업이나 조직의 보안 및 개인정보 보호 활동이 인증 기준을 충족하는지 평가한 후 인증을 부여하는 제도입니다. 이를 통해 기업과 기관은 제공하는 서비스에 대한 대중의 신뢰를 높이고, 점점 복잡해지는 사이버 위협에 효과적으로 대응할 수 있습니다. 또한, ISMS-P는 정보보호와 개인정보 보호를 체계적으로 수립하고 운영할 수 있는 포괄적인 지침을 제공합니다.;;;2026-07-10 20:19:58.778743;2.10.7;보조저장매체 관리;보조저장매체를 통하여 개인정보 또는 중요정보의 유출이 발생하거나 악성코드가 감염되지 않도록 관리 절차를 수립·이행하고, 개인정보 또는 중요정보가 포함된 보조저장 매체는 안전한 장소에 보관하여야 한다.;2. 보호대책 요구사항;2.10 시스템 및 서비스 보안관리;2.10.7 보조저장매체 관리;['외장하드, USB메모리, CD 등 보조저장매체 취급(사용), 보관, 폐기, 재사용에 대한 정책 및 절차를 수립·이행하고 있는가?', '보조저장매체 보유현황, 사용 및 관리실태를 주기적으로 점검하고 있는가?', '주요 정보시스템이 위치한 통제구역, 중요 제한구역 등에서 보조저장매체 사용을 제한하고 있는가?', '보조저장매체를 통한 악성코드 감염 및 중요정보 유출 방지를 위한 대책을 마련하고 있는가?', '개인정보 또는 중요정보가 포함된 보조저장매체를 잠금장치가 있는 안전한 장소에 보관하고 있는가?'];['개인정보 보호법 제29조(안전조치의무)', '개인정보의 안전성 확보조치 기준 제10조(물리적 안전조치)'];['보조저장매체(USB, CD 등) 차단 정책', '보조저장매체 관리대장', '보조저장매체 실태점검 이력'];['사례 1 : 통제구역인 서버실에서의 보조저장매체 사용을 제한하는 정책을 수립하여 운영하고 있으나, 예외 승인 절차를 준수하지 않고 보조저장매체를 사용한 이력이 다수 확인되었으며, 보조저장매체 관리실태에 대한 주기적 점검이 실시되지 않아 보조저장매체 관리대장의 현행화가 미흡한 경우', '사례 2 : 개인정보가 포함된 보조저장매체를 잠금장치가 있는 안전한 장소에 보관하지 않고 사무실 서랍 등에 방치하고 있는 경우', '사례 3 : 보조저장매체 통제 솔루션을 도입·운영하고 있으나, 일부 사용자에 대하여 적절한 승인 절차 없이 예외처리되어 쓰기 등이 허용된 경우', '사례 4 : 전산실에 위치한 일부 공용 PC 및 전산장비에서 일반 USB메모리에 대한 쓰기가 가능한 상황이나 매체 반입 및 사용 제한, 사용이력 기록 및 검토 등 통제가 적용되고 있지 않은 경우'];MANUAL;Manual check;manual_check;Manual check;manual;False;KISA-ISMS-P;KISA ISMS compliance framework 2023 (Korean)
aws;ISMS-P 인증은 한국인터넷진흥원(KISA)이 제정한 정보보호 및 개인정보보호 관리체계를 기반으로, 독립적인 심사기관이 기업이나 조직의 보안 및 개인정보 보호 활동이 인증 기준을 충족하는지 평가한 후 인증을 부여하는 제도입니다. 이를 통해 기업과 기관은 제공하는 서비스에 대한 대중의 신뢰를 높이고, 점점 복잡해지는 사이버 위협에 효과적으로 대응할 수 있습니다. 또한, ISMS-P는 정보보호와 개인정보 보호를 체계적으로 수립하고 운영할 수 있는 포괄적인 지침을 제공합니다.;;;2026-07-10 20:19:58.778743;2.11.4;사고 대응 훈련 및 개선;침해사고 및 개인정보 유출사고 대응 절차를 임직원과 이해관계자가 숙지하도록 시나리오에 따른 모의훈련을 연 1회 이상 실시하고 훈련결과를 반영하여 대응체계를 개선하여야 한다.;2. 보호대책 요구사항;2.11 사고 예방 및 대응;2.11.4 사고 대응 훈련 및 개선;['침해사고 및 개인정보 유출사고 대응 절차에 관한 모의훈련계획을 수립하고 이에 따라 연 1회 이상 주기적으로 훈련을 실시하고 있는가?', '침해사고 및 개인정보 유출사고 훈련 결과를 반영하여 침해사고 및 개인정보 유출사고 대응체계를 개선하고 있는가?'];[];['침해사고 및 개인정보 유출사고 대응 모의훈련 계획서', '침해사고 및 개인정보 유출사고 대응 모의훈련 결과서', '침해사고 대응 절차'];['사례 1 : 침해사고 모의훈련을 수행하지 않았거나 관련 계획서 및 결과보고서가 확인되지 않은 경우', '사례 2 : 연간 침해사고 모의훈련 계획을 수립하였으나 타당한 사유 또는 승인 없이 해당 기간 내에 실시하지 않은 경우', '사례 3 : 모의훈련을 계획하여 실시하였으나, 관련 내부 지침에 정한 절차 및 서식에 따라 수행하지 않은 경우'];MANUAL;Manual check;manual_check;Manual check;manual;False;KISA-ISMS-P;KISA ISMS compliance framework 2023 (Korean)
aws;ISMS-P 인증은 한국인터넷진흥원(KISA)이 제정한 정보보호 및 개인정보보호 관리체계를 기반으로, 독립적인 심사기관이 기업이나 조직의 보안 및 개인정보 보호 활동이 인증 기준을 충족하는지 평가한 후 인증을 부여하는 제도입니다. 이를 통해 기업과 기관은 제공하는 서비스에 대한 대중의 신뢰를 높이고, 점점 복잡해지는 사이버 위협에 효과적으로 대응할 수 있습니다. 또한, ISMS-P는 정보보호와 개인정보 보호를 체계적으로 수립하고 운영할 수 있는 포괄적인 지침을 제공합니다.;;;2026-07-10 20:19:58.778743;2.11.5;사고 대응 및 복구;침해사고 및 개인정보 유출 징후나 발생을 인지한 때에는 법적 통지 및 신고 의무를 준수하여야 하며, 절차에 따라 신속하게 대응 및 복구하고 사고분석 후 재발방지 대책을 수립하여 대응체계에 반영하여야 한다.;2. 보호대책 요구사항;2.11 사고 예방 및 대응;2.11.5 사고 대응 및 복구;['침해사고 및 개인정보 유출의 징후 또는 발생을 인지한 경우 정의된 침해사고 대응 절차에 따라 신속하게 대응 및 보고가 이루어지고 있는가?', '개인정보 침해사고 발생 시 관련 법령에 따라 정보주체 통지 및 관계기관 신고 절차를 이행하고 있는가?', '침해사고가 종결된 후 사고의 원인을 분석하여 그 결과를 보고하고 관련 조직 및 인력과 공유하고 있는가?', '침해사고 분석을 통하여 얻은 정보를 활용하여 유사 사고가 재발하지 않도록 대책을 수립하고 필요한 경우 침해사고 대응절차 등을 변경하고 있는가?'];['개인정보 보호법 제34조(개인정보의 유출 등의 통지·신고)', '정보통신망법 제48조의3(침해사고의 신고 등), 제48조의4(침해사고의 원인분석 등)'];['침해사고 대응 절차', '침해사고 대응보고서', '침해사고 관리대장', '개인정보 유출신고서', '비상연락망'];['사례 1 : 내부 침해사고 대응지침에는 침해사고 발생 시 내부 정보보호위원회 및 이해관계 부서에게 보고하도록 정하고 있으나, 침해사고 발생 시 담당 부서에서 자체적으로 대응 조치 후 정보보호위원회 및 이해관계 부서에 보고하지 않은 경우', '사례 2 : 최근 DDoS 공격으로 의심되는 침해사고로 인하여 서비스 일부가 중단된 사례가 있으나, 이에 대한 원인분석 및 재발방지 대책이 수립되지 않은 경우', '사례 3 : 외부 해킹에 의해 개인정보 유출사고가 발생하였으나, 유출된 개인정보 건수가 소량이라는 이유로 72시간 이내에 통지 및 신고가 이루어지지 않은 경우', '사례 4 : 담당자의 실수에 의해 인터넷 홈페이지 게시판을 통해 1천명 이상 정보주체에 대한 개인정보 유출이 발생하였으나, 해당 정보주체에 대한 유출 통지가 이루어지지 않은 경우'];MANUAL;Manual check;manual_check;Manual check;manual;False;KISA-ISMS-P;KISA ISMS compliance framework 2023 (Korean)
aws;ISMS-P 인증은 한국인터넷진흥원(KISA)이 제정한 정보보호 및 개인정보보호 관리체계를 기반으로, 독립적인 심사기관이 기업이나 조직의 보안 및 개인정보 보호 활동이 인증 기준을 충족하는지 평가한 후 인증을 부여하는 제도입니다. 이를 통해 기업과 기관은 제공하는 서비스에 대한 대중의 신뢰를 높이고, 점점 복잡해지는 사이버 위협에 효과적으로 대응할 수 있습니다. 또한, ISMS-P는 정보보호와 개인정보 보호를 체계적으로 수립하고 운영할 수 있는 포괄적인 지침을 제공합니다.;;;2026-07-10 20:19:58.778743;3.1.1;개인정보 수집·이용;개인정보는 적법하고 정당하게 수집·이용하여야 하며, 정보주체의 동의를 근거로 수집하는 경우에는 적법한 방법으로 정보주체의 동의를 받아야 한다. 또한 만 14세 미만 아동의 개인정보를 수집하는 경우에는 그 법정대리인의 동의를 받아야 하며 법정대리인이 동의하였는지를 확인하여야 한다.;3. 개인정보 처리 단계별 요구사항;3.1 개인정보 수집 시 보호조치;3.1.1 개인정보 수집·이용;['개인정보를 수집하는 경우 정보주체 동의, 법령상 의무준수, 계약 체결·이행 등 적법 요건에 따라 수집하고 있는가?', '정보주체에게 개인정보 수집 동의를 받는 경우 동의방법 및 시점은 적절하게 되어 있는가?', '정보주체에게 개인정보 수집 동의를 받는 경우 관련 내용을 명확하게 고지하고 법령에서 정한 중요한 내용에 대해 알아보기 쉽게 표시하고 있는가?', '만 14세 미만 아동의 개인정보에 대해 수집·이용·제공 등의 동의를 받는 경우 법정대리인에게 필요한 사항에 대하여 고지하고 동의를 받고 있는가?', '법정대리인의 동의를 받기 위하여 필요한 최소한의 개인정보만을 수집하고 있으며, 법정대리인이 자격 요건을 갖추고 있는지 확인하는 절차와 방법을 마련하고 있는가?', '만 14세 미만의 아동에게 개인정보 처리와 관련한 사항 등의 고지 시 이해하기 쉬운 양식과 명확하고 알기 쉬운 언어로 표현하고 있는가?', '정보주체 및 법정대리인에게 동의를 받은 기록을 보관하고 있는가?', '정보주체의 동의 없이 처리할 수 있는 개인정보에 대해서는 그 항목과 처리의 법적 근거를 정보주체의 동의를 받아 처리하는 개인정보와 구분하여 개인정보 처리방침에 공개하거나 정보주체에게 알리고 있는가?', '정보주체의 동의 없이 개인정보의 추가적인 이용 시 당초 수집 목적과의 관련성, 예측 가능성, 이익 침해 여부, 안전성 확보조치 등의 고려사항에 대한 판단기준을 수립·이행하고, 추가적인 이용이 지속적으로 발생하는 경우 고려사항에 대한 판단기준을 개인정보 처리방침에 공개하고 이를 점검하고 있는가?'];['개인정보 보호법 제15조(개인정보의 수집·이용), 제22조(동의를 받는 방법), 제22조의2(아동의 개인정보 보호)', '개인정보 처리 방법에 관한 고시'];['온라인 개인정보 수집 양식(홈페이지 회원가입 화면, 모바일앱 회원가입 화면, 이벤트 참여 등)', '오프라인 개인정보 수집 양식(회원가입신청서 등)', '개인정보 수집 동의 기록(회원 데이터베이스 등)', '법정대리인 동의 기록', '개인정보 처리방침'];['사례 1 : 개인정보 보호법을 적용받는 개인정보처리자가 개인정보 수집 동의 시 고지 사항에 ʻ동의 거부 권리 및 동의 거부에 따른 불이익 내용ʼ을 누락한 경우', '사례 2 : 개인정보 수집 동의 시 수집하는 개인정보 항목을 구체적으로 명시하지 않고 ʻ~ 등ʼ과 같이 포괄적으로 안내하는 경우', '사례 3 : 쇼핑몰 홈페이지에서 회원가입 시 회원가입에 필요한 개인정보 외에 추후 물품 구매 시 필요한 결제·배송 정보를 미리 필수 항목으로 수집하는 경우', '사례 4 : Q&A, 게시판을 통하여 비회원의 개인정보(이름, 이메일, 휴대폰번호)를 수집하면서 개인정보 수집 동의 절차를 거치지 않은 경우', '사례 5 : 만 14세 미만 아동의 개인정보를 수집하면서 법정대리인의 동의를 받지 않은 경우', '사례 6 : 만 14세 미만 아동에 대하여 서비스를 제공하고 있지 않지만, 회원가입 단계에서 입력받는 생년월일을 통하여 나이 체크를 하지 않아 법정대리인 동의 없이 가입된 만 14세 미만 아동 회원이 존재한 경우', '사례 7 : 법정대리인의 진위 여부를 확인하는 절차가 미흡하여 미성년자 등 아동의 법정대리인으로 보기 어려운데도 법정대리인 동의가 가능한 경우', '사례 8 : 만 14세 미만 아동으로부터 법정대리인 동의를 받는 목적으로 법정대리인의 개인정보(이름, 휴대폰번호)를 수집한 이후 법정대리인의 동의가 장기간 확인되지 않았음에도 이를 파기하지 않고 계속 보유하고 있는 경우', '사례 9 : 법정대리인 동의에 근거하여 만 14세 미만 아동의 개인정보를 수집하였으나, 관련 기록을 보존하지 않아 법정대리인 동의와 관련된 사항(법정대리인 이름, 동의 일시 등)을 확인할 수 없는 경우'];MANUAL;Manual check;manual_check;Manual check;manual;False;KISA-ISMS-P;KISA ISMS compliance framework 2023 (Korean)
aws;ISMS-P 인증은 한국인터넷진흥원(KISA)이 제정한 정보보호 및 개인정보보호 관리체계를 기반으로, 독립적인 심사기관이 기업이나 조직의 보안 및 개인정보 보호 활동이 인증 기준을 충족하는지 평가한 후 인증을 부여하는 제도입니다. 이를 통해 기업과 기관은 제공하는 서비스에 대한 대중의 신뢰를 높이고, 점점 복잡해지는 사이버 위협에 효과적으로 대응할 수 있습니다. 또한, ISMS-P는 정보보호와 개인정보 보호를 체계적으로 수립하고 운영할 수 있는 포괄적인 지침을 제공합니다.;;;2026-07-10 20:19:58.778743;3.1.2;개인정보 수집 제한;개인정보를 수집하는 경우 처리 목적에 필요한 최소한의 개인정보만을 수집하여야 하며, 정보주체가 선택적으로 동의할 수 있는 사항 등에 동의하지 아니한다는 이유로 정보주체에게 재화 또는 서비스의 제공을 거부하지 않아야 한다.;3. 개인정보 처리 단계별 요구사항;3.1 개인정보 수집 시 보호조치;3.1.2 개인정보 수집 제한;['개인정보를 수집하는 경우 그 목적에 필요한 범위에서 최소한의 정보만을 수집하고 있는가?', '정보주체의 동의를 받아 개인정보를 수집하는 경우 필요한 최소한의 정보 외의 개인정보 수집에는 동의하지 않을 수 있다는 사실을 구체적으로 알리고 있는가?', '정보주체가 수집 목적에 필요한 최소한의 정보 이외의 개인정보 수집에 동의하지 않는다는 이유로 서비스 또는 재화의 제공을 거부하지 않도록 하고 있는가?'];['개인정보 보호법 제16조(개인정보의 수집제한), 제22조(동의를 받는 방법)'];['온라인 개인정보 수집 양식(홈페이지 회원가입 화면, 이벤트 참여 화면 등)', '오프라인 개인정보 수집 양식(멤버십 가입신청서 등)', '개인정보 처리방침'];['사례 1 : 계약의 체결 및 이행을 근거로 정보주체 동의 없이 개인정보를 수집하면서 계약의 체결 및 이행을 위해 반드시 필요하지 않은 개인정보 항목까지 과도하게 수집하는 경우', '사례 2 : 정보주체로부터 선택사항에 대한 동의를 받으면서 해당 개인정보 수집에는 동의하지 아니할 수 있다는 사실을 구체적으로 알리지 않은 경우', '사례 3 : 회원가입 양식에서 필수와 선택 정보를 구분하여 별도 동의를 받도록 되어 있었으나, 선택정보에 대하여 동의하지 않아도 회원가입이 가능함을 정보주체가 인지할 수 있도록 구체적으로 알리지 않은 경우(개인정보 입력 양식에 개인정보 항목별로 필수, 선택 여부가 표시되어 있지 않은 경우 등)', '사례 4 : 홈페이지 회원가입 화면에서 선택사항에 대하여 동의하지 않거나 선택정보를 입력하지 않으면 다음 단계로 넘어가지 않거나 회원가입이 차단되는 경우', '사례 5 : 채용 계약 시 채용 예정 직무와 직접 관련이 없는 가족사항 등 과도한 개인정보를 수집하는 경우'];MANUAL;Manual check;manual_check;Manual check;manual;False;KISA-ISMS-P;KISA ISMS compliance framework 2023 (Korean)
aws;ISMS-P 인증은 한국인터넷진흥원(KISA)이 제정한 정보보호 및 개인정보보호 관리체계를 기반으로, 독립적인 심사기관이 기업이나 조직의 보안 및 개인정보 보호 활동이 인증 기준을 충족하는지 평가한 후 인증을 부여하는 제도입니다. 이를 통해 기업과 기관은 제공하는 서비스에 대한 대중의 신뢰를 높이고, 점점 복잡해지는 사이버 위협에 효과적으로 대응할 수 있습니다. 또한, ISMS-P는 정보보호와 개인정보 보호를 체계적으로 수립하고 운영할 수 있는 포괄적인 지침을 제공합니다.;;;2026-07-10 20:19:58.778743;3.1.3;주민등록번호 처리 제한;주민등록번호는 법적 근거가 있는 경우를 제외하고는 수집·이용 등 처리할 수 없으며, 주민등록번호의 처리가 허용된 경우라 하더라도 인터넷 홈페이지 등에서 대체수단을 제공하여야 한다.;3. 개인정보 처리 단계별 요구사항;3.1 개인정보 수집 시 보호조치;3.1.3 주민등록번호 처리 제한;['주민등록번호는 명확한 법적 근거가 있는 경우에만 처리하고 있는가?', '주민등록번호의 수집 근거가 되는 법조항을 구체적으로 식별하고 있는가?', '법적 근거에 따라 주민등록번호를 처리하는 경우에도 정보주체가 인터넷 홈페이지를 통하여 회원으로 가입하는 단계에서는 주민등록번호를 사용하지 아니하고도 회원으로 가입할 수 있는 방법을 제공하고 있는가?'];['개인정보 보호법 제24조의2(주민등록번호 처리의 제한)', '정보통신망법 제23조의2(주민등록번호의 사용 제한)'];['개인정보 수집 양식(홈페이지 회원가입 화면, 이벤트 참여, 멤버십 가입신청서 등)', '온라인 개인정보 수집 양식(본인확인 등 대체가입수단 제공 화면)', '주민등록번호를 처리하는 경우 주민등록번호 처리 근거 증거자료', '개인정보 처리방침'];['사례 1 : 홈페이지 가입과 관련하여 실명확인 등 단순 회원관리 목적을 위하여 정보주체의 동의에 근거하여 주민등록번호를 수집한 경우', '사례 2 : 정보주체의 주민등록번호를 시행규칙이나 지방자치단체의 조례에 근거하여 수집한 경우', '사례 3 : 비밀번호 분실 시 본인확인 등의 목적으로 주민등록번호 뒤 6자리를 수집하지만, 관련된 법적 근거가 없는 경우', '사례 4 : 채용전형 진행단계에서 법적 근거 없이 입사지원자의 주민등록번호를 수집한 경우', '사례 5 : 콜센터에 상품, 서비스 관련 문의 시 본인확인을 위하여 주민등록번호를 수집한 경우', '사례 6 : 주민등록번호 수집의 법적 근거가 있다는 사유로 홈페이지 회원가입 단계에서 대체가입수단을 제공하지 않고 주민등록번호를 입력받는 본인확인 및 회원가입 방법만을 제공한 경우'];MANUAL;Manual check;manual_check;Manual check;manual;False;KISA-ISMS-P;KISA ISMS compliance framework 2023 (Korean)
aws;ISMS-P 인증은 한국인터넷진흥원(KISA)이 제정한 정보보호 및 개인정보보호 관리체계를 기반으로, 독립적인 심사기관이 기업이나 조직의 보안 및 개인정보 보호 활동이 인증 기준을 충족하는지 평가한 후 인증을 부여하는 제도입니다. 이를 통해 기업과 기관은 제공하는 서비스에 대한 대중의 신뢰를 높이고, 점점 복잡해지는 사이버 위협에 효과적으로 대응할 수 있습니다. 또한, ISMS-P는 정보보호와 개인정보 보호를 체계적으로 수립하고 운영할 수 있는 포괄적인 지침을 제공합니다.;;;2026-07-10 20:19:58.778743;3.1.4;민감정보 및 고유식별정보의 처리 제한;민감정보와 고유식별정보(주민등록번호 제외)를 처리하기 위해서는 법령에서 구체적으로 처리를 요구하거나 허용하는 경우를 제외하고는 정보주체의 별도 동의를 받아야 한다.;3. 개인정보 처리 단계별 요구사항;3.1 개인정보 수집 시 보호조치;3.1.4 민감정보 및 고유식별정보의 처리 제한;['민감정보는 정보주체로부터 별도의 동의를 받거나 관련 법령에 근거가 있는 경우에만 처리하고 있는가?', '고유식별정보(주민등록번호 제외)는 정보주체로부터 별도의 동의를 받거나 관련 법령에 구체적인 근거가 있는 경우에만 처리하고 있는가?', '재화 또는 서비스를 제공하는 과정에서 공개되는 정보에 정보주체의 민감정보가 포함됨으로써 사생활 침해의 위험성이 있다고 판단하는 때에는 재화 또는 서비스의 제공 전에 민감정보의 공개 가능성 및 비공개를 선택하는 방법을 정보주체가 알아보기 쉽게 알리고 있는가?'];['개인정보 보호법 제23조(민감정보의 처리제한), 제24조(고유식별정보의 처리 제한)'];['온라인 개인정보 수집 양식(홈페이지 회원가입 화면, 이벤트 참여 등)', '오프라인 개인정보 수집 양식(회원가입신청서 등)', '개인정보 처리방침'];['사례 1 : 장애인에 대한 요금감면 등 혜택 부여를 위하여 장애 여부 등 건강에 관한 민감정보를 수집하면서 다른 개인정보 항목에 포함하여 일괄 동의를 받은 경우', '사례 2 : 회원가입 시 외국인에 한하여 외국인등록번호를 수집하면서 다른 개인정보 항목에 포함하여 일괄 동의를 받은 경우', '사례 3 : 민감정보 또는 고유식별정보의 수집에 대해 별도의 동의를 받으면서 고지하여야 할 4가지 사항 중에 일부를 누락하거나 잘못된 내용으로 고지하는 경우(동의 거부 권리 및 동의 거부에 따른 불이익 사항을 고지하지 않은 경우 등)'];MANUAL;Manual check;manual_check;Manual check;manual;False;KISA-ISMS-P;KISA ISMS compliance framework 2023 (Korean)
aws;ISMS-P 인증은 한국인터넷진흥원(KISA)이 제정한 정보보호 및 개인정보보호 관리체계를 기반으로, 독립적인 심사기관이 기업이나 조직의 보안 및 개인정보 보호 활동이 인증 기준을 충족하는지 평가한 후 인증을 부여하는 제도입니다. 이를 통해 기업과 기관은 제공하는 서비스에 대한 대중의 신뢰를 높이고, 점점 복잡해지는 사이버 위협에 효과적으로 대응할 수 있습니다. 또한, ISMS-P는 정보보호와 개인정보 보호를 체계적으로 수립하고 운영할 수 있는 포괄적인 지침을 제공합니다.;;;2026-07-10 20:19:58.778743;3.1.5;개인정보 간접수집;정보주체 이외로부터 개인정보를 수집하거나 제3자로부터 제공받는 경우에는 업무에 필요한 최소한의 개인정보를 수집하거나 제공받아야 하며, 법령에 근거하거나 정보주체의 요구가 있으면 개인정보의 수집 출처, 처리목적, 처리정지의 요구권리를 알려야 한다.;3. 개인정보 처리 단계별 요구사항;3.1 개인정보 수집 시 보호조치;3.1.5 개인정보 간접수집;['정보주체 이외의 제3자로부터 개인정보를 제공받는 경우 개인정보 수집에 대한 동의획득 책임이 개인정보를 제공하는 자에게 있음을 계약을 통하여 명시하고 있는가?', '공개된 매체 및 장소에서 개인정보를 수집하는 경우 정보주체의 공개 목적·범위 및 사회 통념상 동의 의사가 있다고 인정되는 범위 내에서만 수집·이용하고 있는가?', '서비스 계약 이행을 위해 필요한 경우로서, 서비스 제공 과정에서 자동수집장치 등에 의하여 수집·생성하는 개인정보의 경우에도 최소수집 원칙을 적용하고 있는가?', '정보주체 이외로부터 수집하는 개인정보에 대해 정보주체의 요구가 있는 경우 즉시 필요한 사항을 정보주체에게 알리고 있는가?', '정보주체 이외로부터 수집한 개인정보를 처리하는 경우 개인정보의 종류·규모 등이 법적 요건에 해당하는 경우 필요한 사항을 정보주체에게 알리고 있는가?', '정보주체에게 수집 출처에 대해 알린 기록을 해당 개인정보의 파기 시까지 보관 및 관리하고 있는가?'];['개인정보 보호법 제16조(개인정보의 수집 제한), 제19조(개인정보를 제공받은 자의 이용·제공 제한), 제20조(정보주체 이외로부터 수집한 개인정보의 수집 출처 등 통지)'];['개인정보 제공 관련 계약서(제공하는 자와의 계약 사항)', '개인정보 수집출처에 대한 정보주체 통지 내역', '개인정보 처리방침'];['사례 1 : 인터넷 홈페이지, SNS에 공개된 개인정보를 수집하고 있는 상태에서 정보주체의 수집 출처 요구에 대한 처리절차가 존재하지 않은 경우', '사례 2 : 개인정보 보호법 제17조제1항제1호에 따라 다른 사업자로부터 개인정보 제공동의를 근거로 개인정보를 제공받았으나, 이에 대하여 해당 정보주체에게 3개월 내에 통지하지 않은 경우(다만 제공받은 자가 5만 명 이상 정보주체의 민감정보 또는 고유식별정보를 처리하거나 100만 명 이상 정보주체의 개인정보를 처리하는 경우)', '사례 3 : 법적 의무 대상자에 해당되어 개인정보 수집 출처를 정보주체에게 통지하면서 개인정보의 처리목적 또는 동의를 철회할 권리가 있다는 사실 등 필수 통지사항을 일부 누락한 경우', '사례 4 : 법적 의무 대상자에 해당되어 개인정보 수집 출처를 정보주체에게 통지하였으나, 수집 출처 통지에 관한 기록을 해당 개인정보의 파기 시까지 보관하지 않은 경우'];MANUAL;Manual check;manual_check;Manual check;manual;False;KISA-ISMS-P;KISA ISMS compliance framework 2023 (Korean)
aws;ISMS-P 인증은 한국인터넷진흥원(KISA)이 제정한 정보보호 및 개인정보보호 관리체계를 기반으로, 독립적인 심사기관이 기업이나 조직의 보안 및 개인정보 보호 활동이 인증 기준을 충족하는지 평가한 후 인증을 부여하는 제도입니다. 이를 통해 기업과 기관은 제공하는 서비스에 대한 대중의 신뢰를 높이고, 점점 복잡해지는 사이버 위협에 효과적으로 대응할 수 있습니다. 또한, ISMS-P는 정보보호와 개인정보 보호를 체계적으로 수립하고 운영할 수 있는 포괄적인 지침을 제공합니다.;;;2026-07-10 20:19:58.778743;3.1.6;영상정보처리기기 설치·운영;고정형 영상정보처리기기를 공개된 장소에 설치·운영하거나 이동형 영상정보처리기기를 공개된 장소에서 업무를 목적으로 운영하는 경우 설치 목적 및 위치에 따라 법적 요구사항을 준수하고, 적절한 보호대책을 수립·이행하여야 한다.;3. 개인정보 처리 단계별 요구사항;3.1 개인정보 수집 시 보호조치;3.1.6 영상정보처리기기 설치·운영;['공개된 장소에 고정형 영상정보처리기기를 설치·운영할 경우 법적 허용 요건에 해당하는지를 검토하고 있는가?', '공공기관 등이 공개된 장소에 고정형 영상정보처리기기를 설치·운영하려는 경우 공청회·설명회 개최 등의 법령에 따른 절차를 거쳐 관계 전문가 및 이해관계자의 의견을 수렴하고 있는가?', '고정형 영상정보처리기기 설치·운영 시 정보주체가 쉽게 인식할 수 있도록 안내판 설치 등 필요한 조치를 하고 있는가?', '업무를 목적으로 공개된 장소에서 이동형 영상정보처리기기를 운영하는 경우 법적 허용 요건에 해당하는지를 검토하고 있는가?', '업무를 목적으로 공개된 장소에서 이동형 영상정보처리기기로 사람 또는 그 사람과 관련된 사물의 영상을 촬영하는 경우 불빛, 소리, 안내판 등의 방법으로 촬영 사실을 표시하고 알리고 있는가?', '영상정보처리기기 및 영상정보의 안전한 관리를 위한 영상정보처리기기 운영·관리 방침을 마련하여 시행하고 있는가?', '영상정보의 보관 기간을 정하고 있으며, 보관 기간 만료 시 지체 없이 파기하고 있는가?', '영상정보처리기기 설치·운영에 관한 사무를 위탁하는 경우 관련 절차 및 요건에 따라 계약서에 반영하고 있는가?'];['개인정보 보호법 제25조(고정형 영상정보처리기기의 설치·운영 제한), 제25조의2(이동형 영상정보처리기기의 운영 제한)'];['영상정보처리기기 운영 현황', '영상정보처리기기 안내판', '영상정보처리기기 운영·관리방침', '영상정보처리기기 관리화면(계정·권한 내역, 영상정보 보존기간 등)', '영상정보처리기기 운영 수탁자와의 계약서 및 점검 이력'];['사례 1 : 영상정보처리기기 안내판의 고지 문구가 일부 누락되어 운영되고 있거나, 영상정보처리기기 운영 및 관리 방침을 수립·운영하고 있지 않은 경우', '사례 2 : 영상정보처리기기 운영·관리 방침을 수립 운영하고 있으나, 방침 내용과 달리 보관기간을 준수하지 않고 운영되거나, 영상정보 보호를 위한 접근통제 및 로깅 등 방침에 기술한 사항이 준수되지 않는 등 관리가 미흡한 경우', '사례 3 : 영상정보처리기기의 설치·운영 사무를 외부업체에 위탁하고 있으나, 영상정보의 관리 현황 점검에 관한 사항, 손해배상 책임에 관한 사항 등 법령에서 요구하는 내용을 영상정보처리기기 업무 위탁 계약서에 명시하지 않은 경우', '사례 4 : 영상정보처리기기의 설치·운영 사무를 외부업체에 위탁하고 있으나, 영상정보처리기기 안내판에 수탁자의 명칭과 연락처를 누락하여 고지한 경우'];MANUAL;Manual check;manual_check;Manual check;manual;False;KISA-ISMS-P;KISA ISMS compliance framework 2023 (Korean)
aws;ISMS-P 인증은 한국인터넷진흥원(KISA)이 제정한 정보보호 및 개인정보보호 관리체계를 기반으로, 독립적인 심사기관이 기업이나 조직의 보안 및 개인정보 보호 활동이 인증 기준을 충족하는지 평가한 후 인증을 부여하는 제도입니다. 이를 통해 기업과 기관은 제공하는 서비스에 대한 대중의 신뢰를 높이고, 점점 복잡해지는 사이버 위협에 효과적으로 대응할 수 있습니다. 또한, ISMS-P는 정보보호와 개인정보 보호를 체계적으로 수립하고 운영할 수 있는 포괄적인 지침을 제공합니다.;;;2026-07-10 20:19:58.778743;3.1.7;마케팅 목적의 개인정보 수집·이용;재화나 서비스의 홍보, 판매 권유, 광고성 정보전송 등 마케팅 목적으로 개인정보를 수집·이용하는 경우 그 목적을 정보주체가 명확하게 인지할 수 있도록 고지하고 동의를 받아야 한다.;3. 개인정보 처리 단계별 요구사항;3.1 개인정보 수집 시 보호조치;3.1.7 마케팅 목적의 개인정보 수집·이용;['정보주체에게 재화나 서비스를 홍보하거나 판매를 권유하기 위하여 개인정보 처리에 대한 동의를 받는 경우 정보주체가 이를 명확하게 인지할 수 있도록 알리고 별도의 동의를 받고 있는가?', '전자적 전송매체를 이용하여 영리목적의 광고성 정보를 전송하는 경우 수신자의 명시적인 사전 동의를 받고 있으며, 2년마다 정기적으로 수신자의 수신동의 여부를 확인하고 있는가?', '전자적 전송매체를 이용한 영리목적의 광고성 정보 전송에 대하여 수신자가 수신거부의사를 표시하거나 사전 동의를 철회한 경우 영리목적의 광고성 정보 전송을 중단하도록 하고 있는가?', '영리목적의 광고성 정보를 전송하는 경우 전송자의 명칭, 수신거부 방법 등을 구체적으로 밝히고 있으며, 야간시간에는 전송하지 않도록 하고 있는가?'];['개인정보 보호법 제22조(동의를 받는 방법)', '정보통신망법 제50조(광고성 정보 전송 제한)'];['온라인 개인정보 수집 양식(홈페이지 회원가입 화면, 모바일앱 회원가입 화면, 이벤트 참여 등)', '오프라인 개인정보 수집 양식(회원가입신청서 등)', '마케팅 동의 기록', '광고성 정보전송 수신동의 기록 및 수신동의 의사확인 기록', '광고성 정보 발송 시스템 관리자 화면(메일, SMS, 앱 푸시 등)', '광고성 정보 발송 문구', '개인정보 처리방침'];['사례 1 : ʻ홍보 및 마케팅ʼ 목적으로 개인정보를 수집하면서 ʻ부가서비스 제공ʼ, ʻ제휴 서비스 제공ʼ 등과 같이 목적을 모호하게 안내하는 경우 또는 다른 목적으로 수집하는 개인정보와 구분하지 않고 포괄 동의를 받는 경우', '사례 2 : 모바일 앱에서 광고성 정보전송(앱 푸시)에 대하여 거부 의사를 밝혔으나, 프로그램 오류 등의 이유로 광고성 앱 푸시가 이루어지는 경우', '사례 3 : 온라인 회원가입 화면에서 문자, 이메일에 의한 광고성 정보 전송에 대하여 디폴트로 체크되어 있는 경우', '사례 4 : 광고성 정보 수신동의 여부에 대하여 2년마다 확인하지 않은 경우', '사례 5 : 영리목적의 광고성 정보를 전자우편으로 전송하면서 제목이 시작되는 부분에 ʻ(광고)ʼ 표시를 하지 않은 경우'];MANUAL;Manual check;manual_check;Manual check;manual;False;KISA-ISMS-P;KISA ISMS compliance framework 2023 (Korean)
aws;ISMS-P 인증은 한국인터넷진흥원(KISA)이 제정한 정보보호 및 개인정보보호 관리체계를 기반으로, 독립적인 심사기관이 기업이나 조직의 보안 및 개인정보 보호 활동이 인증 기준을 충족하는지 평가한 후 인증을 부여하는 제도입니다. 이를 통해 기업과 기관은 제공하는 서비스에 대한 대중의 신뢰를 높이고, 점점 복잡해지는 사이버 위협에 효과적으로 대응할 수 있습니다. 또한, ISMS-P는 정보보호와 개인정보 보호를 체계적으로 수립하고 운영할 수 있는 포괄적인 지침을 제공합니다.;;;2026-07-10 20:19:58.778743;3.2.1;개인정보 현황관리;수집·보유하는 개인정보의 항목, 보유량, 처리 목적 및 방법, 보유기간 등 현황을 정기적으로 관리하여야 하며, 공공기관의 경우 이를 법률에서 정한 관계기관의 장에게 등록하여야 한다.;3. 개인정보 처리 단계별 요구사항;3.2 개인정보 보유 및 이용 시 보호조치;3.2.1 개인정보 현황관리;['수집·보유하고 있는 개인정보의 항목, 보유량, 처리 목적 및 방법, 보유기간 등 현황을 정기적으로 관리하고 있는가?', '공공기관이 개인정보파일을 운용하거나 변경하는 경우 관련된 사항을 법률에서 정한 관계기관의 장에게 등록하고 있는가?', '공공기관은 개인정보파일의 보유 현황을 개인정보 처리방침에 공개하고 있는가?'];['개인정보 보호법 제32조(개인정보파일의 등록 및 공개)'];['개인정보 현황표', '개인정보 흐름표·흐름도', '개인정보파일 등록 현황', '개인정보파일 관리대장', '개인정보 처리방침'];['사례 1 : 개인정보파일을 홈페이지의 개인정보파일 등록 메뉴를 통하여 목록을 관리하고 있으나, 그 중 일부 홈페이지 서비스와 관련된 개인정보파일의 내용이 개인정보 처리방침에 누락되어 있는 경우', '사례 2 : 신규 개인정보파일을 구축한 지 2개월이 경과하였으나, 해당 개인정보파일을 개인정보 보호위원회에 등록하지 않은 경우', '사례 3 : 개인정보 보호위원회에 등록되어 공개된 개인정보파일의 내용(수집하는 개인정보의 항목 등)이 실제 처리하고 있는 개인정보파일 현황과 상이한 경우', '사례 4 : 공공기관이 임직원의 개인정보파일, 통계법에 따라 수집되는 개인정보파일에 대해 개인정보파일 등록 예외사항에 해당되지 않음에도 불구하고 해당 개인정보파일을 개인정보 보호위원회에 등록하지 않은 경우'];MANUAL;Manual check;manual_check;Manual check;manual;False;KISA-ISMS-P;KISA ISMS compliance framework 2023 (Korean)
aws;ISMS-P 인증은 한국인터넷진흥원(KISA)이 제정한 정보보호 및 개인정보보호 관리체계를 기반으로, 독립적인 심사기관이 기업이나 조직의 보안 및 개인정보 보호 활동이 인증 기준을 충족하는지 평가한 후 인증을 부여하는 제도입니다. 이를 통해 기업과 기관은 제공하는 서비스에 대한 대중의 신뢰를 높이고, 점점 복잡해지는 사이버 위협에 효과적으로 대응할 수 있습니다. 또한, ISMS-P는 정보보호와 개인정보 보호를 체계적으로 수립하고 운영할 수 있는 포괄적인 지침을 제공합니다.;;;2026-07-10 20:19:58.778743;3.2.2;개인정보 품질보장;수집된 개인정보는 처리 목적에 필요한 범위에서 개인정보의 정확성·완전성·최신성이 보장되도록 정보주체에게 관리절차를 제공하여야 한다.;3. 개인정보 처리 단계별 요구사항;3.2 개인정보 보유 및 이용 시 보호조치;3.2.2 개인정보 품질보장;['개인정보를 최신의 상태로 정확하게 유지하기 위한 절차 및 방안을 수립·이행하고 있는가?', '정보주체가 본인의 개인정보에 대하여 정확성, 완전성 및 최신성을 유지할 수 있는 방법을 제공하고 있는가?'];['개인정보 보호법 제3조(개인정보 보호 원칙)'];['정보주체 개인정보 수정·변경 양식(온라인, 오프라인)', '개인정보 최신성 유지 절차'];['사례 1 : 인터넷 홈페이지를 통하여 회원정보를 변경할 때는 본인확인 절차를 거치고 있으나, 고객센터 상담원과의 통화를 통한 회원 정보 변경 시에는 본인확인 절차가 미흡하여 회원정보의 불법적인 변경이 가능한 경우', '사례 2 : 온라인 회원에 대해서는 개인정보를 변경할 수 있는 방법을 제공하고 있으나, 오프라인 회원에 대해서는 개인정보를 변경할 수 있는 방법을 제공하고 있지 않은 경우'];MANUAL;Manual check;manual_check;Manual check;manual;False;KISA-ISMS-P;KISA ISMS compliance framework 2023 (Korean)
aws;ISMS-P 인증은 한국인터넷진흥원(KISA)이 제정한 정보보호 및 개인정보보호 관리체계를 기반으로, 독립적인 심사기관이 기업이나 조직의 보안 및 개인정보 보호 활동이 인증 기준을 충족하는지 평가한 후 인증을 부여하는 제도입니다. 이를 통해 기업과 기관은 제공하는 서비스에 대한 대중의 신뢰를 높이고, 점점 복잡해지는 사이버 위협에 효과적으로 대응할 수 있습니다. 또한, ISMS-P는 정보보호와 개인정보 보호를 체계적으로 수립하고 운영할 수 있는 포괄적인 지침을 제공합니다.;;;2026-07-10 20:19:58.778743;3.2.3;이용자 단말기 접근 보호;정보주체(이용자)의 이동통신단말장치 내에 저장되어 있는 정보 및 이동통신단말장치에 설치된 기능에 접근이 필요한 경우 이를 명확하게 인지할 수 있도록 알리고 정보주체(이용자)의 동의를 받아야 한다.;3. 개인정보 처리 단계별 요구사항;3.2 개인정보 보유 및 이용 시 보호조치;3.2.3 이용자 단말기 접근 보호;['정보주체(이용자)의 이동통신단말장치 내에 저장되어 있는 정보 및 이동통신단말장치에 설치된 기능에 대하여 접근할 수 있는 권한이 필요한 경우 명확하게 인지할 수 있도록 알리고 정보주체(이용자)의 동의를 받고 있는가?', '이동통신단말장치 내에서 해당 서비스를 제공하기 위하여 반드시 필요한 접근권한이 아닌 경우, 정보주체(이용자)가 동의하지 않아도 서비스 제공을 거부하지 않도록 하고 있는가?', '이동통신단말장치 내에서 해당 접근권한에 대한 정보주체(이용자)의 동의 및 철회방법을 마련하고 있는가?'];['정보통신망법 제22조의2(접근권한에 대한 동의)'];['앱 접근권한 동의 화면', '앱 접근권한 설정 현황'];['사례 1 : 스마트폰 앱에서 서비스에 불필요함에도 불구하고 주소록, 사진, 문자 등 스마트폰 내 개인정보 영역에 접근할 수 있는 권한을 과도하게 설정한 경우', '사례 2 : 정보통신서비스 제공자의 스마트폰 앱에서 스마트폰 내에 저장되어 있는 정보 및 설치된 기능에 접근하면서 접근권한에 대한 고지 및 동의를 받지 않고 있는 경우', '사례 3 : 스마트폰 앱의 접근권한에 대한 동의를 받으면서 선택사항에 해당하는 권한을 필수권한으로 고지하여 동의를 받는 경우', '사례 4 : 접근권한에 대한 개별동의가 불가능한 안드로이드 6.0 미만 버전을 지원하는 스마트폰 앱을 배포하면서 선택적 접근권한을 함께 설정하여, 선택적 접근권한에 대하여 거부할 수 없도록 하고 있는 경우'];MANUAL;Manual check;manual_check;Manual check;manual;False;KISA-ISMS-P;KISA ISMS compliance framework 2023 (Korean)
aws;ISMS-P 인증은 한국인터넷진흥원(KISA)이 제정한 정보보호 및 개인정보보호 관리체계를 기반으로, 독립적인 심사기관이 기업이나 조직의 보안 및 개인정보 보호 활동이 인증 기준을 충족하는지 평가한 후 인증을 부여하는 제도입니다. 이를 통해 기업과 기관은 제공하는 서비스에 대한 대중의 신뢰를 높이고, 점점 복잡해지는 사이버 위협에 효과적으로 대응할 수 있습니다. 또한, ISMS-P는 정보보호와 개인정보 보호를 체계적으로 수립하고 운영할 수 있는 포괄적인 지침을 제공합니다.;;;2026-07-10 20:19:58.778743;3.2.4;개인정보 목적 외 이용 및 제공;개인정보는 수집 시의 정보주체에게 고지·동의를 받은 목적 또는 법령에 근거한 범위 내에서만 이용 또는 제공하여야 하며, 이를 초과하여 이용·제공하려는 때에는 정보주체의 추가 동의를 받거나 관계 법령에 따른 적법한 경우인지 확인하고 적절한 보호대책을 수립·이행하여야 한다.;3. 개인정보 처리 단계별 요구사항;3.2 개인정보 보유 및 이용 시 보호조치;3.2.4 개인정보 목적 외 이용 및 제공;['개인정보는 최초 수집 시 정보주체로부터 동의받은 목적 또는 법령에 근거한 범위 내에서만 이용·제공하고 있는가?', '개인정보처리자로부터 개인정보를 제공받은 경우 제공받은 목적의 범위 내에서만 이용·제공하고 있는가?', '개인정보를 수집 목적 또는 개인정보처리자로부터 제공받은 목적의 범위를 초과하여 이용하거나 제공하는 경우 정보주체에게 별도의 동의를 받거나 법적 근거가 있는 경우로 제한하고 있는가?', '개인정보를 목적 외의 용도로 제3자에게 제공하는 경우 제공받는 자에게 이용목적 및 방법 등을 제한하거나 안전성 확보를 위하여 필요한 조치를 마련하도록 요청하고 있는가?', '공공기관이 개인정보를 목적 외의 용도로 이용하거나 제3자에게 제공하는 경우 그 이용 또는 제공의 법적 근거, 목적 및 범위 등에 관하여 필요한 사항을 관보 또는 인터넷 홈페이지 등에 게재하고 있는가?', '공공기관 등이 개인정보를 목적 외의 용도로 이용하거나 제3자에게 제공하는 경우 목적 외 이용 및 제3자 제공대장에 기록·관리하는 등 절차를 마련하고 있는가?'];['개인정보 보호법 제18조(개인정보의 목적 외 이용·제공 제한), 제19조(개인정보를 제공받은 자의 이용·제공 제한)'];['개인정보 목적 외 이용 및 제3자 제공 내역(요청서 등 관련 증거자료 포함)', '개인정보 목적 외 이용 및 제3자 제공 대장(공공기관인 경우)', '홈페이지 또는 관보 게재 내역(공공기관인 경우)', '자료 제공 요청 대응 지침', '자료 제공 요청 공문 및 개인정보 제공내역, 대장 등'];['사례 1 : 상품배송을 목적으로 수집한 개인정보를 사전에 동의 받지 않은 자사 상품의 통신판매 광고에 이용한 경우', '사례 2 : 고객 만족도 조사, 경품 행사에 응모하기 위하여 수집한 개인정보를 자사의 할인판매행사 안내용 광고 발송에 이용한 경우', '사례 3 : 공공기관이 다른 법률에 근거하여 민원인의 개인정보를 목적 외로 타 기관에 제공하면서 관련 사항을 관보 또는 인터넷 홈페이지에 게시하지 않은 경우', '사례 4 : 공공기관이 범죄 수사의 목적으로 경찰서에 개인정보를 제공하면서 ʻ개인정보 목적 외 이용 및 제3자 제공 대장ʼ에 관련 사항을 기록하지 않은 경우'];MANUAL;Manual check;manual_check;Manual check;manual;False;KISA-ISMS-P;KISA ISMS compliance framework 2023 (Korean)
aws;ISMS-P 인증은 한국인터넷진흥원(KISA)이 제정한 정보보호 및 개인정보보호 관리체계를 기반으로, 독립적인 심사기관이 기업이나 조직의 보안 및 개인정보 보호 활동이 인증 기준을 충족하는지 평가한 후 인증을 부여하는 제도입니다. 이를 통해 기업과 기관은 제공하는 서비스에 대한 대중의 신뢰를 높이고, 점점 복잡해지는 사이버 위협에 효과적으로 대응할 수 있습니다. 또한, ISMS-P는 정보보호와 개인정보 보호를 체계적으로 수립하고 운영할 수 있는 포괄적인 지침을 제공합니다.;;;2026-07-10 20:19:58.778743;3.2.5;가명정보 처리;가명정보를 처리하는 경우 목적제한, 결합제한, 안전조치, 금지의무 등 법적 요건을 준수하고 적정 수준의 가명처리를 보장할 수 있도록 가명처리 절차를 수립·이행하여야 한다.;3. 개인정보 처리 단계별 요구사항;3.2 개인정보 보유 및 이용 시 보호조치;3.2.5 가명정보 처리;['가명정보를 처리하는 경우 목적 제한, 가명처리 방법 및 기준, 적정성 검토, 재식별 금지 및 재식별 발생 시 조치사항 등 가명정보를 적정하게 처리하기 위한 절차를 수립하고 있는가?', '개인정보를 가명처리하여 이용·제공 시 추가 정보의 사용·결합 없이는 개인을 알아볼 수 없도록 적정한 수준으로 가명처리를 수행하고 있는가?', '다른 개인정보처리자와 가명정보를 결합하는 경우 결합전문기관 또는 데이터전문기관을 통해 결합하고 있는가?', '가명정보를 처리하는 경우 추가 정보를 삭제 또는 별도로 분리하여 보관·관리, 관련 기록의 작성·보관 등 안전성 확보에 필요한 기술적·관리적 및 물리적 조치를 하고 있는가?', '가명정보 처리목적 등을 고려하여 가명정보의 처리 기간을 적정한 기간으로 정하고 있으며, 해당 기간이 경과한 경우 지체 없이 파기하고 있는가?', '개인정보를 익명처리하는 경우 시간·비용·기술 등을 합리적으로 고려할 때 다른 정보를 사용하여도 더 이상 특정 개인을 알아볼 수 없도록 적정한 수준으로 익명처리하고 있는가?'];['개인정보 보호법 제2조(정의), 제28조의2(가명정보의 처리 등), 제28조의3(가명정보의 결합 제한), 제28조의4(가명정보에 대한 안전조치의무 등), 제28조의5(가명정보 처리 시 금지의무 등), 제28조의7(적용범위), 제58조의2(적용제외)'];['가명처리·익명처리 적정성 평가 절차 및 결과', '가명정보 처리 기록', '개인정보 처리방침(가명정보 이용·제공에 관한 사항) 등'];['사례 1 : 통계작성 및 과학적 연구를 위하여 정보주체 동의 없이 가명정보를 처리하면서 가명정보 처리에 관한 기록을 남기고 있지 않거나, 또는 개인정보 처리방침에 관련 사항을 공개하지 않은 경우', '사례 2 : 가명정보와 동일한 데이터베이스 내에 추가 정보를 분리하지 않고 보관하고 있거나, 또는 가명 정보와 추가 정보에 대한 접근권한이 적절히 분리되지 않은 경우', '사례 3 : 개인정보를 가명처리하여 활용하고 있으나 적정한 수준의 가명처리가 수행되지 않아 추가 정보의 사용 없이도 다른 정보와의 결합 등을 통하여 특정 개인을 알아볼 수 있는 가능성이 존재하는 경우', '사례 4 : 테스트 데이터 생성, 외부 공개 등을 위하여 개인정보를 익명처리하였으나, 특이치 등으로 인하여 특정 개인에 대한 식별가능성이 존재하는 등 익명처리가 적정하게 수행되었다고 보기 어려운 경우'];MANUAL;Manual check;manual_check;Manual check;manual;False;KISA-ISMS-P;KISA ISMS compliance framework 2023 (Korean)
aws;ISMS-P 인증은 한국인터넷진흥원(KISA)이 제정한 정보보호 및 개인정보보호 관리체계를 기반으로, 독립적인 심사기관이 기업이나 조직의 보안 및 개인정보 보호 활동이 인증 기준을 충족하는지 평가한 후 인증을 부여하는 제도입니다. 이를 통해 기업과 기관은 제공하는 서비스에 대한 대중의 신뢰를 높이고, 점점 복잡해지는 사이버 위협에 효과적으로 대응할 수 있습니다. 또한, ISMS-P는 정보보호와 개인정보 보호를 체계적으로 수립하고 운영할 수 있는 포괄적인 지침을 제공합니다.;;;2026-07-10 20:19:58.778743;3.3.1;개인정보 제3자 제공;개인정보를 제3자에게 제공하는 경우 법적 근거에 의하거나 정보주체의 동의를 받아야 하며, 제3자에게 개인정보의 접근을 허용하는 등 제공 과정에서 개인정보를 안전하게 보호하기 위한 보호대책을 수립·이행하여야 한다.;3. 개인정보 처리 단계별 요구사항;3.3 개인정보 제공 시 보호조치;3.3.1 개인정보 제3자 제공;['개인정보를 제3자에게 제공하는 경우 정보주체 동의, 법령상 의무준수 등 적법 요건을 명확히 식별하고 이를 준수하고 있는가?', '정보주체에게 개인정보 제3자 제공 동의를 받는 경우 관련 사항을 명확하게 고지하고 다른 동의사항과 구분하여 적법하게 동의를 받고 있는가?', '정보주체에게 개인정보 제3자 제공 동의를 받는 경우 관련 내용을 명확하게 고지하고 법령에서 정한 중요한 내용에 대해 명확히 표시하여 알아보기 쉽게 하고 있는가?', '개인정보를 제3자에게 제공하는 경우 제공 목적에 맞는 최소한의 개인정보 항목으로 제한하고 있는가?', '개인정보를 제3자에게 제공하는 경우 안전한 절차와 방법을 통해 제공하고 제공 내역을 기록하여 보관하고 있는가?', '제3자에게 개인정보의 접근을 허용하는 경우 개인정보를 안전하게 보호하기 위한 보호절차에 따라 통제하고 있는가?', '정보주체의 동의 없이 개인정보의 추가적인 제공 시 당초 수집 목적과의 관련성, 예측 가능성, 이익 침해 여부, 안전성 확보조치 등의 고려사항에 대한 판단기준을 수립 및 이행하고, 추가적인 제공이 지속적으로 발생하는 경우 고려사항에 대한 판단기준을 개인정보 처리방침에 공개하고 이를 점검하고 있는가?'];['개인정보 보호법 제17조(개인정보의 제공), 제22조(동의를 받는 방법)', '개인정보 처리 방법에 관한 고시'];['온라인 개인정보 제3자 제공 관련 양식(홈페이지 회원가입 화면, 개인정보 제3자 제공 동의 화면 등)', '오프라인 개인정보 제3자 제공 관련 양식(회원가입신청서, 개인정보 제3자 제공 동의서 등)', '제3자 제공 내역', '개인정보 처리방침'];['사례 1 : 개인정보처리자가 개인정보 제3자 제공 동의를 받을 때 정보주체에게 고지하는 사항 중에 일부 사항(동의 거부권, 제공하는 항목 등)을 누락한 경우', '사례 2 : 개인정보를 제3자에게 제공하는 과정에서 제3자 제공 동의 여부를 적절히 확인하지 못하여 동의하지 않은 정보주체의 개인정보가 함께 제공된 경우', '사례 3 : 개인정보를 제공 동의를 받을 때, 제공받는 자를 특정하지 않고 ʻ~ 등ʼ과 같이 포괄적으로 안내하고 동의를 받은 경우', '사례 4 : 회원 가입 단계에서 선택사항으로 제3자 제공 동의를 받고 있으나, 제3자 제공에 동의하지 않으면 회원 가입 절차가 더 이상 진행되지 않도록 되어 있는 경우', '사례 5 : 제공받는 자의 이용 목적과 관련 없이 지나치게 많은 개인정보를 제공하는 경우'];MANUAL;Manual check;manual_check;Manual check;manual;False;KISA-ISMS-P;KISA ISMS compliance framework 2023 (Korean)
aws;ISMS-P 인증은 한국인터넷진흥원(KISA)이 제정한 정보보호 및 개인정보보호 관리체계를 기반으로, 독립적인 심사기관이 기업이나 조직의 보안 및 개인정보 보호 활동이 인증 기준을 충족하는지 평가한 후 인증을 부여하는 제도입니다. 이를 통해 기업과 기관은 제공하는 서비스에 대한 대중의 신뢰를 높이고, 점점 복잡해지는 사이버 위협에 효과적으로 대응할 수 있습니다. 또한, ISMS-P는 정보보호와 개인정보 보호를 체계적으로 수립하고 운영할 수 있는 포괄적인 지침을 제공합니다.;;;2026-07-10 20:19:58.778743;3.3.2;개인정보 처리 업무 위탁;개인정보 처리업무를 제3자에게 위탁하는 경우 위탁하는 업무의 내용과 수탁자 등 관련사항을 공개하여야 한다. 또한 재화 또는 서비스를 홍보하거나 판매를 권유하는 업무를 위탁하는 경우 위탁하는 업무의 내용과 수탁자를 정보주체에게 알려야 한다.;3. 개인정보 처리 단계별 요구사항;3.3 개인정보 제공 시 보호조치;3.3.2 개인정보 처리 업무 위탁;['개인정보 처리업무를 제3자에게 위탁(재위탁 포함)하는 경우 인터넷 홈페이지 등에 위탁하는 업무의 내용과 수탁자를 현행화하여 공개하고 있는가?', '재화 또는 서비스를 홍보하거나 판매를 권유하는 업무를 위탁하는 경우에는 서면, 전자우편, 문자전송 등의 방법으로 위탁하는 업무의 내용과 수탁자를 정보주체에게 알리고 있는가?'];['개인정보 보호법 제26조(업무위탁에 따른 개인정보의 처리 제한)'];['개인정보 처리방침(개인정보 처리업무 위탁 관련 공개 내역)', '개인정보 수집 양식', '개인정보 처리 위탁 계약서', '재화 또는 서비스 홍보·판매 권유 업무 위탁 관련 정보주체 통지 내역'];['사례 1 : 홈페이지 개인정보 처리방침에 개인정보 처리업무 위탁 사항을 공개하고 있으나, 일부 수탁자와 위탁하는 업무의 내용이 누락된 경우', '사례 2 : 재화 또는 서비스를 홍보하거나 판매를 권유하는 업무를 위탁하면서, 위탁하는 업무의 내용과 수탁자를 서면등의 방법으로 정보주체에게 알리지 않고 개인정보 처리방침에 공개하는 것으로 갈음한 경우', '사례 3 : 기존 개인정보 처리업무 수탁자와의 계약 해지에 따라 개인정보 처리업무 수탁자가 변경되었으나, 이에 대하여 개인정보 처리방침에 지체 없이 반영하지 않은 경우', '사례 4 : 개인정보 처리업무를 위탁받은 자가 해당 업무를 제3자에게 재위탁을 하고 있지만, 재위탁에 관한 사항을 인터넷 홈페이지 등에 공개하고 있지 않은 경우'];MANUAL;Manual check;manual_check;Manual check;manual;False;KISA-ISMS-P;KISA ISMS compliance framework 2023 (Korean)
aws;ISMS-P 인증은 한국인터넷진흥원(KISA)이 제정한 정보보호 및 개인정보보호 관리체계를 기반으로, 독립적인 심사기관이 기업이나 조직의 보안 및 개인정보 보호 활동이 인증 기준을 충족하는지 평가한 후 인증을 부여하는 제도입니다. 이를 통해 기업과 기관은 제공하는 서비스에 대한 대중의 신뢰를 높이고, 점점 복잡해지는 사이버 위협에 효과적으로 대응할 수 있습니다. 또한, ISMS-P는 정보보호와 개인정보 보호를 체계적으로 수립하고 운영할 수 있는 포괄적인 지침을 제공합니다.;;;2026-07-10 20:19:58.778743;3.3.3;영업의 양도 등에 따른 개인정보 이전;영업의 양도·합병 등으로 개인정보를 이전하거나 이전받는 경우 정보주체 통지 등 적절한 보호조치를 수립·이행하여야 한다.;3. 개인정보 처리 단계별 요구사항;3.3 개인정보 제공 시 보호조치;3.3.3 영업의 양도 등에 따른 개인정보 이전;['영업의 전부 또는 일부의 양도·합병 등으로 개인정보를 다른 사람에게 이전하는 경우 필요한 사항을 사전에 정보주체에게 알리고 있는가?', '개인정보를 이전받는 자는 법적 통지 요건에 해당될 경우 개인정보를 이전받은 사실 등 필요한 사항을 정보주체에게 지체 없이 알리고 있는가?', '개인정보를 이전받는 자는 이전 당시의 본래 목적으로만 개인정보를 이용하거나 제3자에게 제공하고 있는가?'];['개인정보 보호법 제27조(영업양도 등에 따른 개인정보의 이전 제한)'];['개인정보 이전 관련 정보주체 고지 내역(영업 양수도 시)', '개인정보 처리방침'];['사례 1 : 개인정보처리자가 영업 양수를 통하여 개인정보를 이전받으면서 양도자가 개인정보 이전 사실을 알리지 않았음에도 개인정보 이전 사실을 정보주체에게 알리지 않은 경우', '사례 2 : 영업 양수도 등에 의하여 개인정보를 이전받으면서 정보주체가 이전을 원하지 않은 경우 조치할 수 있는 방법과 절차를 마련하지 않거나, 이를 정보주체에게 알리지 않은 경우'];MANUAL;Manual check;manual_check;Manual check;manual;False;KISA-ISMS-P;KISA ISMS compliance framework 2023 (Korean)
aws;ISMS-P 인증은 한국인터넷진흥원(KISA)이 제정한 정보보호 및 개인정보보호 관리체계를 기반으로, 독립적인 심사기관이 기업이나 조직의 보안 및 개인정보 보호 활동이 인증 기준을 충족하는지 평가한 후 인증을 부여하는 제도입니다. 이를 통해 기업과 기관은 제공하는 서비스에 대한 대중의 신뢰를 높이고, 점점 복잡해지는 사이버 위협에 효과적으로 대응할 수 있습니다. 또한, ISMS-P는 정보보호와 개인정보 보호를 체계적으로 수립하고 운영할 수 있는 포괄적인 지침을 제공합니다.;;;2026-07-10 20:19:58.778743;3.3.4;개인정보 국외이전;개인정보를 국외로 이전하는 경우 국외 이전에 대한 동의, 관련 사항에 대한 공개 등 적절한 보호조치를 수립·이행하여야 한다.;3. 개인정보 처리 단계별 요구사항;3.3 개인정보 제공 시 보호조치;3.3.4 개인정보 국외이전;['개인정보를 국외로 이전하는 경우 정보주체에게 국외 이전에 관한 고지 사항을 모두 알리고 별도 동의를 받거나, 인증 또는 인정 등 적법 요건을 준수하고 있는가?', '정보주체와의 계약의 체결 및 이행을 위한 개인정보의 국외 처리위탁·보관에 대해 정보주체에게 알리는 경우 필요한 사항을 모두 포함하여 적절한 방법으로 알리고 있는가?', '개인정보 보호 관련 법령 준수 및 개인정보 보호 등에 관한 사항을 포함하여 국외 이전에 관한 계약을 체결하고 있는가?', '개인정보를 국외로 이전하는 경우 개인정보 보호를 위하여 필요한 조치를 취하고 있는가?'];['개인정보 보호법 제28조의8(개인정보의 국외 이전), 제28조의9(개인정보의 국외 이전 중지 명령), 제28조의10(상호주의), 제28조의11(준용규정)', '개인정보 국외 이전 운영 등에 관한 규정'];['개인정보 국외 이전 관련 동의 양식', '개인정보 국외 이전 관련 계약서', '개인정보 처리방침', '개인정보 국외 처리위탁·보관 관련 통지 또는 공개 내역'];['사례 1 : 개인정보를 처리하는 과정에서 국외 사업자에게 개인정보 제3자 제공이 발생하였으나, 인증, 대상국 인정 등 동의 예외 요건에 해당되지 않음에도 불구하고 개인정보 국외 이전에 대한 별도 동의를 받지 않은 경우', '사례 2 : 국외 클라우드 서비스(국외 리전)를 이용하여 개인정보 처리위탁 및 보관을 하면서 이전되는 국가, 이전 방법 등 관련 사항을 개인정보 처리방침에 공개하거나 정보주체에게 알리지 않은 경우', '사례 3 : 개인정보 국외 이전에 대한 동의를 받으면서 이전받는 자의 명칭(업체명)만 고지하고 이전되는 국가 등에 대하여 알리지 않은 경우'];MANUAL;Manual check;manual_check;Manual check;manual;False;KISA-ISMS-P;KISA ISMS compliance framework 2023 (Korean)
aws;ISMS-P 인증은 한국인터넷진흥원(KISA)이 제정한 정보보호 및 개인정보보호 관리체계를 기반으로, 독립적인 심사기관이 기업이나 조직의 보안 및 개인정보 보호 활동이 인증 기준을 충족하는지 평가한 후 인증을 부여하는 제도입니다. 이를 통해 기업과 기관은 제공하는 서비스에 대한 대중의 신뢰를 높이고, 점점 복잡해지는 사이버 위협에 효과적으로 대응할 수 있습니다. 또한, ISMS-P는 정보보호와 개인정보 보호를 체계적으로 수립하고 운영할 수 있는 포괄적인 지침을 제공합니다.;;;2026-07-10 20:19:58.778743;3.4.1;개인정보 파기;개인정보의 보유기간 및 파기 관련 내부 정책을 수립하고 개인정보의 보유기간 경과, 처리목적 달성 등 파기 시점이 도달한 때에는 파기의 안전성 및 완전성이 보장될 수 있는 방법으로 지체 없이 파기하여야 한다.;3. 개인정보 처리 단계별 요구사항;3.4 개인정보 파기 시 보호조치;3.4.1 개인정보 파기;['개인정보의 보유기간 및 파기와 관련된 내부 정책을 수립하고 있는가?', '개인정보의 처리목적이 달성되거나 보유기간이 경과한 경우 지체 없이 해당 개인정보를 파기하고 있는가?', '개인정보를 파기할 때에는 복구·재생되지 않도록 안전한 방법으로 파기하고 있는가?', '개인정보 파기에 대한 기록을 남기고 관리하고 있는가?'];['개인정보 보호법 제21조(개인정보의 파기)', '개인정보의 안전성 확보조치 기준 제13조(개인정보의 파기)'];['개인정보 보유기간 및 파기 관련 규정', '개인정보 파기 결과(회원 데이터베이스 등)', '개인정보 파기관리대장'];['사례 1 : 회원 탈퇴 등 목적이 달성되거나 보유기간이 경과된 경우 회원 데이터베이스에서는 해당 개인정보를 파기하였으나, CRM·DW 등 연계된 개인정보처리시스템에 복제되어 저장되어 있는 개인정보를 파기하지 않은 경우', '사례 2 : 특정 기간 동안 이벤트를 하면서 수집된 개인정보에 대하여 이벤트가 종료된 이후에도 파기 기준이 수립되어 있지 않거나 파기가 이루어지고 있지 않은 경우', '사례 3 : 콜센터에서 수집되는 민원처리 관련 개인정보(상담이력, 녹취 등)를 전자상거래법을 근거로 3년간 보존하고 있으나, 3년이 경과한 후에도 파기하지 않고 보관하고 있는 경우', '사례 4 : 블록체인 등 기술적 특성으로 인하여 목적이 달성된 개인정보의 완전 파기가 어려워 완전파기 대신 익명처리를 하였으나, 익명처리가 적절하게 수행되지 않아 일부 개인정보의 재식별 등 복원이 가능한 경우'];MANUAL;Manual check;manual_check;Manual check;manual;False;KISA-ISMS-P;KISA ISMS compliance framework 2023 (Korean)
aws;ISMS-P 인증은 한국인터넷진흥원(KISA)이 제정한 정보보호 및 개인정보보호 관리체계를 기반으로, 독립적인 심사기관이 기업이나 조직의 보안 및 개인정보 보호 활동이 인증 기준을 충족하는지 평가한 후 인증을 부여하는 제도입니다. 이를 통해 기업과 기관은 제공하는 서비스에 대한 대중의 신뢰를 높이고, 점점 복잡해지는 사이버 위협에 효과적으로 대응할 수 있습니다. 또한, ISMS-P는 정보보호와 개인정보 보호를 체계적으로 수립하고 운영할 수 있는 포괄적인 지침을 제공합니다.;;;2026-07-10 20:19:58.778743;3.4.2;처리목적 달성 후 보유 시 조치;개인정보의 보유기간 경과 또는 처리목적 달성 후에도 관련 법령 등에 따라 파기하지 않고 보존하는 경우에는 해당 목적에 필요한 최소한의 항목으로 제한하고 다른 개인정보와 분리하여 저장·관리하여야 한다.;3. 개인정보 처리 단계별 요구사항;3.4 개인정보 파기 시 보호조치;3.4.2 처리목적 달성 후 보유 시 조치;['개인정보의 보유기간 경과 또는 처리목적 달성 후에도 관련 법령 등에 따라 파기하지 않고 보존하는 경우, 관련 법령에 따른 최소한의 기간으로 한정하여 최소한의 정보만을 보존하도록 관리하고 있는가?', '개인정보의 보유기간 경과 또는 처리목적 달성 후에도 관련 법령 등에 따라 파기하지 않고 보존하는 경우 해당 개인정보 또는 개인정보파일을 다른 개인정보와 분리하여 저장·관리하고 있는가?', '분리 보관하고 있는 개인정보에 대하여 법령에서 정한 목적 범위 내에서만 처리 가능하도록 관리하고 있는가?', '분리 보관하고 있는 개인정보에 대하여 접근권한을 최소한의 인원으로 제한하고 있는가?'];['개인정보 보호법 제21조(개인정보의 파기)'];['개인정보 보유기간 및 파기 관련 규정', '분리 데이터베이스 현황(테이블 구조 등)', '분리 데이터베이스 접근권한 현황'];['사례 1 : 탈퇴회원 정보를 파기하지 않고 전자상거래법에 따라 일정기간 보관하면서 Flag값만 변경하여 다른 회원정보와 동일한 테이블에 보관하고 있는 경우', '사례 2 : 전자상거래법에 따른 소비자 불만 및 분쟁처리에 관한 기록에 대해 관련 법적 요건을 잘못 적용하여 3년이 아닌 5년간 보존하도록 정하고 있는 경우', '사례 3 : 분리 데이터베이스를 구성하였으나 접근권한을 별도로 설정하지 않아 업무상 접근이 불필요한 인원도 분리 데이터베이스에 자유롭게 접근이 가능한 경우', '사례 4 : 탈퇴회원 정보를 파기하지 않고 전자상거래법에 따라 계약 또는 청약철회, 대금결제 및 재화 공급에 관한 기록을 분리하여 보존하였으나, 전자상거래법에 따른 보존의무가 없는 선택정보까지 과도하게 보존한 경우'];MANUAL;Manual check;manual_check;Manual check;manual;False;KISA-ISMS-P;KISA ISMS compliance framework 2023 (Korean)
aws;ISMS-P 인증은 한국인터넷진흥원(KISA)이 제정한 정보보호 및 개인정보보호 관리체계를 기반으로, 독립적인 심사기관이 기업이나 조직의 보안 및 개인정보 보호 활동이 인증 기준을 충족하는지 평가한 후 인증을 부여하는 제도입니다. 이를 통해 기업과 기관은 제공하는 서비스에 대한 대중의 신뢰를 높이고, 점점 복잡해지는 사이버 위협에 효과적으로 대응할 수 있습니다. 또한, ISMS-P는 정보보호와 개인정보 보호를 체계적으로 수립하고 운영할 수 있는 포괄적인 지침을 제공합니다.;;;2026-07-10 20:19:58.778743;3.5.1;개인정보 처리방침 공개;개인정보의 처리 목적 등 필요한 사항을 모두 포함하여 정보주체가 알기 쉽도록 개인정보 처리방침을 수립하고, 이를 정보주체가 언제든지 쉽게 확인할 수 있도록 적절한 방법에 따라 공개하고 지속적으로 현행화하여야 한다.;3. 개인정보 처리 단계별 요구사항;3.5 정보주체 권리보호;3.5.1 개인정보 처리방침 공개;['개인정보 처리방침을 법령에서 요구하는 내용을 모두 포함하여 알기 쉬운 용어로 구체적이고 명확하게 작성하였는가?', '개인정보 처리방침을 정보주체가 쉽게 확인할 수 있도록 인터넷 홈페이지 등에 지속적으로 현행화하여 공개하고 있는가?', '개인정보 처리방침이 변경되는 경우 사유 및 변경 내용을 지체 없이 공지하고 정보주체가 언제든지 변경된 사항을 쉽게 알아 볼 수 있도록 조치하고 있는가?'];['개인정보 보호법 제30조(개인정보 처리방침의 수립 및 공개), 제30조의2(개인정보 처리방침의 평가 및 개선권고)'];['개인정보 처리방침', '개인정보 처리방침 개정 관련 공지 내역(게시판 등)'];['사례 1 : 개인정보 처리방침에 공개되어 있는 개인정보 수집, 제3자 제공 내역이 실제 수집 및 제공하는 내역과 다른 경우', '사례 2 : 개인정보 보호책임자의 변경, 수탁자 변경 등 개인정보 처리방침 공개 내용 중에 변경사항이 발생하였음에도 이를 반영하여 변경하지 않은 경우', '사례 3 : 개인정보 처리방침이 공개는 되어 있으나, 명칭이 ʻ개인정보 처리방침ʼ이 아니라 ʻ개인정보 보호정책ʼ으로 되어 있고 글자 크기, 색상 등을 활용하여 정보주체가 쉽게 찾을 수 있도록 되어 있지 않은 경우', '사례 4 : 개인정보 처리방침이 몇 차례 개정되었으나, 예전에 작성된 개인정보 처리방침의 내용을 확인할 수 있도록 공개되어 있지 않은 경우', '사례 5 : 전자상거래법, 상법 등 다른 법령에 따라 개인정보를 파기하지 아니하고 일정기간 보관하고 있으나, 이에 따른 보존근거와 보존하는 개인정보 항목을 개인정보 처리방침에 공개하지 않은 경우'];MANUAL;Manual check;manual_check;Manual check;manual;False;KISA-ISMS-P;KISA ISMS compliance framework 2023 (Korean)
aws;ISMS-P 인증은 한국인터넷진흥원(KISA)이 제정한 정보보호 및 개인정보보호 관리체계를 기반으로, 독립적인 심사기관이 기업이나 조직의 보안 및 개인정보 보호 활동이 인증 기준을 충족하는지 평가한 후 인증을 부여하는 제도입니다. 이를 통해 기업과 기관은 제공하는 서비스에 대한 대중의 신뢰를 높이고, 점점 복잡해지는 사이버 위협에 효과적으로 대응할 수 있습니다. 또한, ISMS-P는 정보보호와 개인정보 보호를 체계적으로 수립하고 운영할 수 있는 포괄적인 지침을 제공합니다.;;;2026-07-10 20:19:58.778743;3.5.2;정보주체 권리보장;정보주체가 개인정보의 열람, 정정·삭제, 처리정지, 이의제기, 동의철회 등 요구를 수집 방법·절차보다 쉽게 할 수 있도록 권리행사 방법 및 절차를 수립·이행하고, 정보주체의 요구를 받은 경우 지체 없이 처리하고 관련 기록을 남겨야 한다. 또한 정보주체의 사생활 침해, 명예훼손 등 타인의 권리를 침해하는 정보가 유통되지 않도록 삭제요청, 임시조치 등의 기준을 수립·이행하여야 한다.;3. 개인정보 처리 단계별 요구사항;3.5 정보주체 권리보호;3.5.2 정보주체 권리보장;"[""정보주체 또는 그 대리인이 개인정보에 대한 열람, 정정·삭제, 처리정지 및 동의 철회 등(이하 '열람등요구'라 함)을 개인정보 수집방법·절차보다 어렵지 아니하도록 권리 행사 방법 및 절차를 마련하여 공개하고 있는가?"", '정보주체 또는 그 대리인이 개인정보 열람등요구를 하는 경우 기간 내에 열람등요구에 따른 필요한 조치를 하고 있는가?', '정보주체 또는 그 대리인이 개인정보 수집·이용·제공 등의 동의를 철회하는 경우 지체 없이 수집된 개인정보를 파기하는 등 필요한 조치를 취하고 있는가?', '정보주체의 열람등요구에 대한 조치에 불복이 있는 경우 이의를 제기할 수 있도록 필요한 절차를 마련하여 안내하고 있는가?', '정보주체의 열람등요구 및 처리 결과에 대하여 기록을 남기고 있는가?', '정보통신망에서 사생활 침해 또는 명예훼손 등 타인의 권리를 침해한 경우 침해를 받은 자가 정보통신서비스 제공자에게 정보의 삭제 요청 등을 할 수 있는 절차를 마련하여 시행하고 있는가?']";['개인정보 보호법 제34조의2(노출된 개인정보의 삭제·차단), 제35조(개인정보의 열람), 제35조의2(개인정보의 전송 요구), 제36조(개인정보의 정정·삭제), 제37조(개인정보의 처리정지 등), 제37조의2(자동화된 결정에 대한 정보주체의 권리 등), 제38조(권리행사의 방법 및 절차)', '정보통신망법 제44조(정보통신망에서의 권리보호), 제44조의2(정보의 삭제요청 등), 제44조의3(임의의 임시조치)'];['개인정보 처리방침', '개인정보 열람등요구 처리 절차, 관련 양식', '개인정보 열람등요구 시 조치 내역', '회원 탈퇴 및 동의 철회 절차'];['사례 1 : 개인정보의 열람, 정정·삭제, 처리정지 요구 방법을 정보주체가 알 수 있도록 공개하지 않은 경우', '사례 2 : 개인정보의 열람 요구에 대하여 정당한 사유의 통지 없이 열람 요구를 접수받은 날로부터 10일을 초과하여 회신하고 있는 경우', '사례 3 : 개인정보의 열람 민원에 대한 처리 내역 기록 및 보관이 이루어지지 않은 경우', '사례 4 : 정보주체 당사자 또는 정당한 대리인이 맞는지에 대한 확인 절차 없이 열람 통지가 이루어지는 경우', '사례 5 : 개인정보의 정정·삭제 요구에 대하여 정정·삭제 요구를 접수받은 날로부터 10일을 초과하여 회신하는 경우', '사례 6 : 회원 가입 시에는 온라인을 통하여 쉽게 회원 가입이 가능하였으나, 회원 탈퇴 시에는 신분증 등 추가 서류를 제출하게 하거나 오프라인 방문을 통해서만 가능하도록 하는 경우'];MANUAL;Manual check;manual_check;Manual check;manual;False;KISA-ISMS-P;KISA ISMS compliance framework 2023 (Korean)
aws;ISMS-P 인증은 한국인터넷진흥원(KISA)이 제정한 정보보호 및 개인정보보호 관리체계를 기반으로, 독립적인 심사기관이 기업이나 조직의 보안 및 개인정보 보호 활동이 인증 기준을 충족하는지 평가한 후 인증을 부여하는 제도입니다. 이를 통해 기업과 기관은 제공하는 서비스에 대한 대중의 신뢰를 높이고, 점점 복잡해지는 사이버 위협에 효과적으로 대응할 수 있습니다. 또한, ISMS-P는 정보보호와 개인정보 보호를 체계적으로 수립하고 운영할 수 있는 포괄적인 지침을 제공합니다.;;;2026-07-10 20:19:58.778743;3.5.3;정보주체에 대한 통지;개인정보의 이용·제공 내역 등 정보주체에게 통지하여야 할 사항을 파악하여 그 내용을 주기적으로 통지하여야 한다.;3. 개인정보 처리 단계별 요구사항;3.5 정보주체 권리보호;3.5.3 정보주체에 대한 통지;['법적 의무 대상자에 해당하는 경우 개인정보 이용·제공 내역 또는 그 내역을 확인할 수 있는 정보시스템에 접속하는 방법을 정보주체에게 주기적으로 통지하고 있는가?', '개인정보 이용·제공 내역 통지 항목은 법적 요구항목을 모두 포함하고 있는가?'];['개인정보 보호법 제20조의2(개인정보 이용·제공 내역의 통지)'];['개인정보 이용·제공 내역 통지 기록', '개인정보 이용·제공 내역 통지 양식 및 문구'];['사례 1 : 전년도 말 기준 직전 3개월 간 일일 평균 저장·관리하고 있는 개인정보가 100만명 이상으로서 개인정보 이용제공 내역 통지 의무 대상자에 해당 됨에도 불구하고 금년도에 개인정보 이용·내역을 통지하지 않은 경우', '사례 2 : 개인정보 이용·제공 내역을 개별 정보주체에게 직접적으로 통지하는 대신 홈페이지에서 단순 팝업창이나 별도 공지사항으로 안내만 한 경우'];MANUAL;Manual check;manual_check;Manual check;manual;False;KISA-ISMS-P;KISA ISMS compliance framework 2023 (Korean)
